34, 271, 1812, 34, 0, 0, 0, 7, 0, 210, 54, 47, 12, 206, 1547, 0, 1, 2, 5.5, 11, 34, 0, 0, 0, 6, 9, 12, 18, 24, 36, 48, 54, 7, 0, 0, 0, 195, 15, 18, 36, 17, 65.0, 72.2222, 58.5, 26.0, 6.5, 57.7778, 52.0, 39.0, 43.3333, 144.444, 130.0, 21.6667, 19.5, 13.0, 14.4444, 104.0, 117.0, 824, 395, 202, 100, 47, 44, 77, 68, 36, 2, 1, 1, 6, 4, 1, 2, 2
47, 69, 201, 43, 4, 0, 0, 1, 0, 65, 3, 47, 15, 94, 45, 0, 1, 2, 5.5, 11, 43, 0, 4, 0, 6, 9, 12, 18, 24, 36, 48, 54, 1, 0, 0, 0, 64, 1, 2, 1, 20, 65.0, 72.2222, 58.5, 26.0, 6.5, 57.7778, 52.0, 39.0, 43.3333, 144.444, 130.0, 21.6667, 19.5, 13.0, 14.4444, 104.0, 117.0, 86.6667, 115.556, 28.8889, 9, 8, 4, 39, 47, 3, 2, 8, 38, 0, 2, 6, 2, 6, 0, 3, 12, 5, 2, 5
47, 71, 245, 47, 0, 0, 0, 0, 0, 71, 0, 47, 40, 130, 28, 0, 1, 2, 5.5, 11, 47, 0, 0, 0, 6, 9, 12, 18, 24, 36, 48, 54, 0, 0, 0, 0, 68, 3, 0, 0, 21, 65.0, 72.2222, 58.5, 26.0, 6.5, 57.7778, 52.0, 39.0, 43.3333, 144.444, 130.0, 21.6667, 19.5, 13.0, 14.4444, 104.0, 117.0, 86.6667, 115.556, 28.8889, 78.0, 7, 8, 2, 102, 38, 3, 17, 33, 8, 0, 0, 0, 11, 10, 0, 0, 5, 0, 0, 0, 1
26, 142, 390, 26, 0, 0, 0, 2, 0, 124, 16, 67, 77, 128, 118, 0, 1, 2, 5.5, 11, 26, 0, 0, 0, 6, 9, 12, 18, 24, 36, 48, 54, 2, 0, 0, 0, 110, 14, 3, 13, 21, 65.0, 72.2222, 58.5, 26.0, 6.5, 57.7778, 52.0, 39.0, 43.3333, 144.444, 130.0, 21.6667, 19.5, 13.0, 14.4444, 104.0, 117.0, 86.6667, 115.556, 28.8889, 78.0, 17, 68, 3, 46, 67, 15, 9, 18, 58, 2, 0, 1, 36, 22, 12, 3, 2, 2, 0, 9, 0
35, 351, 2993, 34, 1, 0, 0, 2, 0, 346, 3, 303, 1214, 375, 1101, 0, 1, 2, 5.5, 11, 34, 0, 1, 0, 6, 9, 12, 18, 24, 36, 48, 54, 2, 0, 0, 0, 321, 25, 2, 1, 22, 65.0, 72.2222, 58.5, 26.0, 6.5, 57.7778, 52.0, 39.0, 43.3333, 144.444, 130.0, 21.6667, 19.5, 13.0, 14.4444, 104.0, 117.0, 86.6667, 115.556, 28.8889, 78.0, 7.22222, 388, 13, 652, 1054, 301, 24, 26, 198, 32, 0, 1, 46, 113, 74, 15, 0, 0, 1, 0, 54, 0, 1
31, 443, 2028, 31, 0, 0, 0, 1, 0, 438, 4, 207, 236, 942, 643, 0, 1, 2, 5.5, 11, 31, 0, 0, 0, 6, 9, 12, 18, 24, 36, 48, 54, 1, 0, 0, 0, 423, 15, 2, 2, 22, 65.0, 72.2222, 58.5, 26.0, 6.5, 57.7778, 52.0, 39.0, 43.3333, 144.444, 130.0, 21.6667, 19.5, 13.0, 14.4444, 104.0, 117.0, 86.6667, 115.556, 28.8889, 78.0, 7.22222, 183, 6, 74, 419, 207, 22, 356, 491, 25, 0, 2, 14, 187, 28, 6, 1, 3, 0, 0, 4, 0, 0
32, 164, 1068, 32, 0, 0, 0, 4, 0, 157, 3, 107, 80, 348, 533, 0, 1, 2, 5.5, 11, 32, 0, 0, 0, 6, 9, 12, 18, 24, 36, 48, 54, 4, 0, 0, 0, 152, 5, 3, 0, 22, 65.0, 72.2222, 58.5, 26.0, 6.5, 57.7778, 52.0, 39.0, 43.3333, 144.444, 130.0, 21.6667, 19.5, 13.0, 14.4444, 104.0, 117.0, 86.6667, 115.556, 28.8889, 78.0, 7.22222, 247, 188, 24, 250, 107, 27, 44, 69, 30, 3, 0, 3, 36, 9, 5, 6, 11, 0, 0, 7, 2, 0
39, 130, 2194, 39, 0, 0, 0, 1, 0, 129, 0, 117, 30, 537, 1510, 0, 1, 2, 5.5, 11, 39, 0, 0, 0, 6, 9, 12, 18, 24, 36, 48, 54, 1, 0, 0, 0, 127, 2, 0, 0, 22, 65.0, 72.2222, 58.5, 26.0, 6.5, 57.7778, 52.0, 39.0, 43.3333, 144.444, 130.0, 21.6667, 19.5, 13.0, 14.4444, 104.0, 117.0, 86.6667, 115.556, 28.8889, 78.0, 7.22222, 581, 579, 81, 417, 117, 20, 46, 110, 21, 183, 23, 0, 8, 3, 0, 0, 0, 1, 0, 4, 0, 0
40, 178, 6344, 40, 0, 0, 0, 0, 0, 178, 0, 392, 97, 1993, 3862, 0, 1, 2, 5.5, 11, 40, 0, 0, 0, 6, 9, 12, 18, 24, 36, 48, 54, 0, 0, 0, 0, 178, 0, 0, 0, 22, 65.0, 72.2222, 58.5, 26.0, 6.5, 57.7778, 52.0, 39.0, 43.3333, 144.444, 130.0, 21.6667, 19.5, 13.0, 14.4444, 104.0, 117.0, 86.6667, 115.556, 28.8889, 78.0, 7.22222, 1006, 607, 1211, 539, 390, 7, 463, 510, 598, 569, 2, 2, 27, 42, 2, 0, 0, 1, 0, 366, 0, 2
32, 277, 2123, 32, 0, 0, 0, 6, 0, 271, 0, 178, 190, 302, 1453, 0, 1, 2, 5.5, 11, 32, 0, 0, 0, 6, 9, 12, 18, 24, 36, 48, 54, 6, 0, 0, 0, 266, 5, 0, 0, 22, 65.0, 72.2222, 58.5, 26.0, 6.5, 57.7778, 52.0, 39.0, 43.3333, 144.444, 130.0, 21.6667, 19.5, 13.0, 14.4444, 104.0, 117.0, 86.6667, 115.556, 28.8889, 78.0, 7.22222, 678, 595, 129, 166, 149, 7, 38, 84, 49, 11, 0, 8, 143, 9, 3, 0, 0, 0, 0, 25, 0, 29
41, 183, 2941, 41, 0, 0, 0, 4, 0, 178, 1, 330, 10, 729, 1872, 0, 1, 2, 5.5, 11, 41, 0, 0, 0, 6, 9, 12, 18, 24, 36, 48, 54, 4, 0, 0, 0, 178, 0, 1, 0, 22, 65.0, 72.2222, 58.5, 26.0, 6.5, 57.7778, 52.0, 39.0, 43.3333, 144.444, 130.0, 21.6667, 19.5, 13.0, 14.4444, 104.0, 117.0, 86.6667, 115.556, 28.8889, 78.0, 7.22222, 528, 452, 709, 685, 327, 52, 144, 22, 6, 0, 0, 0, 2, 8, 0, 0, 0, 0, 0, 3, 0, 3
57, 107, 2238, 57, 0, 0, 0, 0, 0, 105, 2, 188, 15, 531, 1504, 0, 1, 2, 5.5, 11, 57, 0, 0, 0, 6, 9, 12, 18, 24, 36, 48, 54, 0, 0, 0, 0, 105, 0, 1, 1, 22, 65.0, 72.2222, 58.5, 26.0, 6.5, 57.7778, 52.0, 39.0, 43.3333, 144.444, 130.0, 21.6667, 19.5, 13.0, 14.4444, 104.0, 117.0, 86.6667, 115.556, 28.8889, 78.0, 7.22222, 572, 384, 384, 200, 188, 96, 118, 105, 96, 2, 1, 1, 13, 0, 0, 0, 0, 0, 0, 78, 0, 0
31, 53, 4014, 31, 0, 0, 0, 0, 0, 53, 0, 93, 14, 252, 3655, 0, 1, 2, 5.5, 11, 31, 0, 0, 0, 6, 9, 12, 18, 24, 36, 48, 54, 0, 0, 0, 0, 53, 0, 0, 0, 22, 65.0, 72.2222, 58.5, 26.0, 6.5, 57.7778, 52.0, 39.0, 43.3333, 144.444, 130.0, 21.6667, 19.5, 13.0, 14.4444, 104.0, 117.0, 86.6667, 115.556, 28.8889, 78.0, 7.22222, 2119, 516, 615, 206, 93, 245, 149, 4, 18, 4, 23, 0, 6, 3, 0, 0, 0, 1, 0, 0, 12, 0
60, 75, 1491, 60, 0, 0, 0, 0, 0, 75, 0, 150, 27, 434, 880, 0, 1, 2, 5.5, 11, 60, 0, 0, 0, 6, 9, 12, 18, 24, 36, 48, 54, 0, 0, 0, 0, 75, 0, 0, 0, 22, 65.0, 72.2222, 58.5, 26.0, 6.5, 57.7778, 52.0, 39.0, 43.3333, 144.444, 130.0, 21.6667, 19.5, 13.0, 14.4444, 104.0, 117.0, 86.6667, 115.556, 28.8889, 78.0, 7.22222, 451, 238, 42, 208, 150, 73, 74, 42, 153, 5, 0, 20, 7, 0, 0, 0, 0, 0, 0, 28, 0, 0
52, 229, 5026, 52, 0, 0, 0, 0, 0, 133, 96, 520, 13, 3184, 1309, 0, 1, 2, 5.5, 11, 52, 0, 0, 0, 6, 9, 12, 18, 24, 36, 48, 54, 0, 0, 0, 0, 129, 4, 0, 96, 22, 65.0, 72.2222, 58.5, 26.0, 6.5, 57.7778, 52.0, 39.0, 43.3333, 144.444, 130.0, 21.6667, 19.5, 13.0, 14.4444, 104.0, 117.0, 86.6667, 115.556, 28.8889, 78.0, 7.22222, 417, 105, 205, 1582, 520, 368, 192, 100, 1492, 24, 0, 0, 10, 3, 0, 0, 0, 0, 0, 8, 0, 0
25, 30, 2238, 25, 0, 0, 0, 0, 0, 30, 0, 47, 245, 695, 1251, 0, 1, 2, 5.5, 11, 25, 0, 0, 0, 6, 9, 12, 18, 24, 36, 48, 54, 0, 0, 0, 0, 30, 0, 0, 0, 22, 65.0, 72.2222, 58.5, 26.0, 6.5, 57.7778, 52.0, 39.0, 43.3333, 144.444, 130.0, 21.6667, 19.5, 13.0, 14.4444, 104.0, 117.0, 86.6667, 115.556, 28.8889, 78.0, 7.22222, 596, 174, 81, 132, 47, 893, 23, 13, 129, 19, 5, 0, 125, 1, 0, 0, 0, 0, 0, 0, 0, 0
31, 162, 5092, 31, 0, 0, 0, 0, 0, 161, 1, 320, 3065, 858, 849, 0, 1, 2, 5.5, 11, 31, 0, 0, 0, 6, 9, 12, 18, 24, 36, 48, 54, 0, 0, 0, 0, 161, 0, 0, 1, 22, 65.0, 72.2222, 58.5, 26.0, 6.5, 57.7778, 52.0, 39.0, 43.3333, 144.444, 130.0, 21.6667, 19.5, 13.0, 14.4444, 104.0, 117.0, 86.6667, 115.556, 28.8889, 78.0, 7.22222, 411, 293, 121, 743, 320, 33, 14, 45, 7, 2, 1, 1476, 25, 875, 679, 0, 0, 0, 0, 47, 0, 0
51, 178, 3758, 51, 0, 0, 0, 0, 0, 177, 1, 488, 39, 1200, 2031, 0, 1, 2, 5.5, 11, 51, 0, 0, 0, 6, 9, 12, 18, 24, 36, 48, 54, 0, 0, 0, 0, 175, 2, 1, 0, 22, 65.0, 72.2222, 58.5, 26.0, 6.5, 57.7778, 52.0, 39.0, 43.3333, 144.444, 130.0, 21.6667, 19.5, 13.0, 14.4444, 104.0, 117.0, 86.6667, 115.556, 28.8889, 78.0, 7.22222, 825, 467, 439, 400, 488, 35, 276, 87, 261, 0, 0, 1, 29, 2, 1, 0, 0, 0, 0, 447, 0, 0
103, 177, 2419, 38, 65, 0, 0, 0, 0, 177, 0, 83, 7, 426, 1903, 0, 1, 2, 5.5, 11, 38, 0, 0, 65, 6, 9, 12, 18, 24, 36, 48, 54, 0, 0, 0, 0, 175, 2, 0, 0, 22, 65.0, 72.2222, 58.5, 26.0, 6.5, 57.7778, 52.0, 39.0, 43.3333, 144.444, 130.0, 21.6667, 19.5, 13.0, 14.4444, 104.0, 117.0, 86.6667, 115.556, 28.8889, 78.0, 7.22222, 890, 173, 632, 195, 83, 51, 152, 51, 173, 15, 0, 0, 2, 2, 0, 0, 0, 0, 0, 0, 0, 0
27, 180, 2739, 26, 1, 0, 0, 4, 0, 173, 3, 162, 12, 532, 2033, 0, 1, 2, 5.5, 11, 26, 0, 1, 0, 6, 9, 12, 18, 24, 36, 48, 54, 4, 0, 0, 0, 172, 1, 3, 0, 22, 65.0, 72.2222, 58.5, 26.0, 6.5, 57.7778, 52.0, 39.0, 43.3333, 144.444, 130.0, 21.6667, 19.5, 13.0, 14.4444, 104.0, 117.0, 86.6667, 115.556, 28.8889, 78.0, 7.22222, 140, 73, 793, 509, 162, 919, 85, 7, 13, 26, 0, 0, 5, 7, 0, 0, 0, 0, 0, 0, 0, 0
53, 85, 825, 53, 0, 0, 0, 0, 0, 78, 7, 42, 14, 300, 469, 0, 1, 2, 5.5, 11, 53, 0, 0, 0, 6, 9, 12, 18, 24, 36, 48, 54, 0, 0, 0, 0, 78, 0, 1, 6, 22, 65.0, 72.2222, 58.5, 26.0, 6.5, 57.7778, 52.0, 39.0, 43.3333, 144.444, 130.0, 21.6667, 19.5, 13.0, 14.4444, 104.0, 117.0, 86.6667, 115.556, 28.8889, 78.0, 7.22222, 205, 117, 50, 171, 42, 36, 57, 13, 98, 4, 2, 5, 3, 5, 0, 0, 0, 0, 0, 17, 0, 0
24, 122, 722, 24, 0, 0, 0, 0, 0, 119, 3, 48, 11, 125, 538, 0, 1, 2, 5.5, 11, 24, 0, 0, 0, 6, 9, 12, 18, 24, 36, 48, 54, 0, 0, 0, 0, 118, 1, 2, 1, 22, 65.0, 72.2222, 58.5, 26.0, 6.5, 57.7778, 52.0, 39.0, 43.3333, 144.444, 130.0, 21.6667, 19.5, 13.0, 14.4444, 104.0, 117.0, 86.6667, 115.556, 28.8889, 78.0, 7.22222, 163, 166, 28, 97, 47, 4, 118, 8, 11, 58, 1, 4, 7, 0, 0, 0, 0, 0, 0, 6, 3, 1
42, 96, 626, 42, 0, 0, 0, 0, 0, 96, 0, 44, 15, 147, 420, 0, 1, 2, 5.5, 11, 42, 0, 0, 0, 6, 9, 12, 18, 24, 36, 48, 54, 0, 0, 0, 0, 96, 0, 0, 0, 22, 65.0, 72.2222, 58.5, 26.0, 6.5, 57.7778, 52.0, 39.0, 43.3333, 144.444, 130.0, 21.6667, 19.5, 13.0, 14.4444, 104.0, 117.0, 86.6667, 115.556, 28.8889, 78.0, 7.22222, 152, 207, 43, 120, 43, 7, 4, 5, 17, 3, 4, 1, 10, 3, 1, 0, 0, 3, 0, 0, 2, 1
99, 267, 884, 99, 0, 0, 0, 0, 0, 266, 1, 27, 22, 134, 701, 0, 1, 2, 5.5, 11, 99, 0, 0, 0, 6, 9, 12, 18, 24, 36, 48, 54, 0, 0, 0, 0, 266, 0, 1, 0, 22, 65.0, 72.2222, 58.5, 26.0, 6.5, 57.7778, 52.0, 39.0, 43.3333, 144.444, 130.0, 21.6667, 19.5, 13.0, 14.4444, 104.0, 117.0, 86.6667, 115.556, 28.8889, 78.0, 7.22222, 156, 436, 37, 108, 27, 41, 13, 15, 8, 13, 3, 16, 6, 0, 0, 0, 1, 0, 1, 3, 0, 0
62, 83, 960, 62, 0, 0, 0, 0, 0, 83, 0, 32, 8, 120, 800, 0, 1, 2, 5.5, 11, 62, 0, 0, 0, 6, 9, 12, 18, 24, 36, 48, 54, 0, 0, 0, 0, 83, 0, 0, 0, 22, 65.0, 72.2222, 58.5, 26.0, 6.5, 57.7778, 52.0, 39.0, 43.3333, 144.444, 130.0, 21.6667, 19.5, 13.0, 14.4444, 104.0, 117.0, 86.6667, 115.556, 28.8889, 78.0, 7.22222, 62, 413, 223, 74, 32, 4, 83, 39, 5, 3, 12, 2, 3, 3, 0, 0, 0, 0, 0, 2, 0, 0
44, 147, 1294, 44, 0, 0, 0, 1, 0, 146, 0, 64, 46, 159, 1025, 0, 1, 2, 5.5, 11, 44, 0, 0, 0, 6, 9, 12, 18, 24, 36, 48, 54, 1, 0, 0, 0, 141, 5, 0, 0, 22, 65.0, 72.2222, 58.5, 26.0, 6.5, 57.7778, 52.0, 39.0, 43.3333, 144.444, 130.0, 21.6667, 19.5, 13.0, 14.4444, 104.0, 117.0, 86.6667, 115.556, 28.8889, 78.0, 7.22222, 138, 553, 61, 132, 63, 37, 214, 6, 18, 20, 2, 0, 36, 9, 1, 0, 0, 1, 0, 1, 1, 1
43, 100, 456, 43, 0, 0, 0, 0, 0, 100, 0, 13, 5, 53, 385, 0, 1, 2, 5.5, 11, 43, 0, 0, 0, 6, 9, 12, 18, 24, 36, 48, 54, 0, 0, 0, 0, 100, 0, 0, 0, 22, 65.0, 72.2222, 58.5, 26.0, 6.5, 57.7778, 52.0, 39.0, 43.3333, 144.444, 130.0, 21.6667, 19.5, 13.0, 14.4444, 104.0, 117.0, 86.6667, 115.556, 28.8889, 78.0, 7.22222, 123, 138, 33, 38, 13, 55, 11, 5, 3, 29, 0, 0, 3, 2, 0, 0, 0, 1, 0, 0, 2, 0
33, 151, 1943, 33, 0, 0, 0, 0, 0, 151, 0, 58, 22, 256, 1607, 0, 1, 2, 5.5, 11, 33, 0, 0, 0, 6, 9, 12, 18, 24, 36, 48, 54, 0, 0, 0, 0, 151, 0, 0, 0, 22, 65.0, 72.2222, 58.5, 26.0, 6.5, 57.7778, 52.0, 39.0, 43.3333, 144.444, 130.0, 21.6667, 19.5, 13.0, 14.4444, 104.0, 117.0, 86.6667, 115.556, 28.8889, 78.0, 7.22222, 494, 324, 140, 187, 58, 357, 304, 14, 22, 19, 0, 0, 10, 12, 0, 0, 0, 1, 0, 0, 1, 0
38, 94, 1933, 38, 0, 0, 0, 0, 0, 94, 0, 52, 46, 714, 1121, 0, 1, 2, 5.5, 11, 38, 0, 0, 0, 6, 9, 12, 18, 24, 36, 48, 54, 0, 0, 0, 0, 93, 1, 0, 0, 22, 65.0, 72.2222, 58.5, 26.0, 6.5, 57.7778, 52.0, 39.0, 43.3333, 144.444, 130.0, 21.6667, 19.5, 13.0, 14.4444, 104.0, 117.0, 86.6667, 115.556, 28.8889, 78.0, 7.22222, 415, 205, 413, 136, 52, 555, 54, 22, 26, 18, 4, 0, 33, 0, 0, 0, 0, 0, 0, 0, 0, 0
43, 187, 1336, 43, 0, 0, 0, 0, 0, 181, 6, 212, 8, 235, 881, 0, 1, 2, 5.5, 11, 43, 0, 0, 0, 6, 9, 12, 18, 24, 36, 48, 54, 0, 0, 0, 0, 180, 1, 4, 2, 22, 65.0, 72.2222, 58.5, 26.0, 6.5, 57.7778, 52.0, 39.0, 43.3333, 144.444, 130.0, 21.6667, 19.5, 13.0, 14.4444, 104.0, 117.0, 86.6667, 115.556, 28.8889, 78.0, 7.22222, 205, 89, 423, 123, 212, 119, 28, 71, 15, 15, 6, 1, 5, 2, 0, 12, 5, 3, 1, 0, 1, 0
40, 230, 1744, 40, 0, 0, 0, 0, 0, 230, 0, 113, 56, 617, 958, 0, 1, 2, 5.5, 11, 40, 0, 0, 0, 6, 9, 12, 18, 24, 36, 48, 54, 0, 0, 0, 0, 230, 0, 0, 0, 22, 65.0, 72.2222, 58.5, 26.0, 6.5, 57.7778, 52.0, 39.0, 43.3333, 144.444, 130.0, 21.6667, 19.5, 13.0, 14.4444, 104.0, 117.0, 86.6667, 115.556, 28.8889, 78.0, 7.22222, 274, 265, 84, 389, 112, 174, 169, 87, 103, 13, 1, 3, 40, 5, 2, 0, 0, 0, 2, 16, 4, 1
28, 63, 727, 28, 0, 0, 0, 0, 0, 63, 0, 40, 39, 201, 447, 0, 1, 2, 5.5, 11, 28, 0, 0, 0, 6, 9, 12, 18, 24, 36, 48, 54, 0, 0, 0, 0, 63, 0, 0, 0, 22, 65.0, 72.2222, 58.5, 26.0, 6.5, 57.7778, 52.0, 39.0, 43.3333, 144.444, 130.0, 21.6667, 19.5, 13.0, 14.4444, 104.0, 117.0, 86.6667, 115.556, 28.8889, 78.0, 7.22222, 140, 160, 47, 47, 40, 50, 39, 79, 46, 7, 8, 1, 28, 2, 0, 0, 0, 0, 0, 33, 0, 0
37, 130, 1472, 37, 0, 0, 0, 0, 0, 122, 8, 71, 14, 581, 806, 0, 1, 2, 5.5, 11, 37, 0, 0, 0, 6, 9, 12, 18, 24, 36, 48, 54, 0, 0, 0, 0, 120, 2, 4, 4, 22, 65.0, 72.2222, 58.5, 26.0, 6.5, 57.7778, 52.0, 39.0, 43.3333, 144.444, 130.0, 21.6667, 19.5, 13.0, 14.4444, 104.0, 117.0, 86.6667, 115.556, 28.8889, 78.0, 7.22222, 415, 102, 161, 141, 71, 27, 67, 71, 42, 24, 5, 8, 3, 2, 0, 0, 4, 1, 1, 319, 8, 0
41, 146, 4322, 41, 0, 0, 0, 0, 0, 113, 33, 564, 71, 1872, 1815, 0, 1, 2, 5.5, 11, 41, 0, 0, 0, 6, 9, 12, 18, 24, 36, 48, 54, 0, 0, 0, 0, 92, 21, 10, 23, 22, 65.0, 72.2222, 58.5, 26.0, 6.5, 57.7778, 52.0, 39.0, 43.3333, 144.444, 130.0, 21.6667, 19.5, 13.0, 14.4444, 104.0, 117.0, 86.6667, 115.556, 28.8889, 78.0, 7.22222, 598, 108, 541, 683, 564, 354, 365, 78, 512, 3, 0, 30, 22, 17, 0, 0, 0, 2, 0, 445, 0, 0
35, 101, 2444, 35, 0, 0, 0, 3, 0, 77, 21, 178, 87, 668, 1511, 0, 1, 2, 5.5, 11, 35, 0, 0, 0, 6, 9, 12, 18, 24, 36, 48, 54, 3, 0, 0, 0, 75, 2, 2, 19, 22, 65.0, 72.2222, 58.5, 26.0, 6.5, 57.7778, 52.0, 39.0, 43.3333, 144.444, 130.0, 21.6667, 19.5, 13.0, 14.4444, 104.0, 117.0, 86.6667, 115.556, 28.8889, 78.0, 7.22222, 279, 171, 405, 404, 176, 37, 591, 85, 60, 29, 8, 7, 72, 2, 0, 0, 0, 0, 1, 110, 5, 2
36, 169, 798, 36, 0, 0, 0, 4, 0, 163, 2, 119, 161, 313, 205, 0, 1, 2, 5.5, 11, 36, 0, 0, 0, 6, 9, 12, 18, 24, 36, 48, 54, 4, 0, 0, 0, 161, 2, 2, 0, 22, 65.0, 72.2222, 58.5, 26.0, 6.5, 57.7778, 52.0, 39.0, 43.3333, 144.444, 130.0, 21.6667, 19.5, 13.0, 14.4444, 104.0, 117.0, 86.6667, 115.556, 28.8889, 78.0, 7.22222, 46, 72, 14, 108, 93, 28, 40, 131, 74, 0, 4, 5, 129, 13, 12, 0, 1, 0, 0, 2, 0, 26
30, 83, 862, 30, 0, 0, 0, 6, 0, 77, 0, 73, 281, 356, 152, 0, 1, 2, 5.5, 11, 30, 0, 0, 0, 6, 9, 12, 18, 24, 36, 48, 54, 6, 0, 0, 0, 73, 4, 0, 0, 22, 65.0, 72.2222, 58.5, 26.0, 6.5, 57.7778, 52.0, 39.0, 43.3333, 144.444, 130.0, 21.6667, 19.5, 13.0, 14.4444, 104.0, 117.0, 86.6667, 115.556, 28.8889, 78.0, 7.22222, 29, 2, 37, 192, 69, 59, 24, 119, 19, 0, 0, 10, 138, 111, 19, 0, 0, 0, 1, 29, 0, 4
18, 64, 474, 18, 0, 0, 0, 12, 0, 50, 2, 62, 17, 175, 220, 0, 1, 2, 5.5, 11, 18, 0, 0, 0, 6, 9, 12, 18, 24, 36, 48, 54, 12, 0, 0, 0, 50, 0, 1, 1, 22, 65.0, 72.2222, 58.5, 26.0, 6.5, 57.7778, 52.0, 39.0, 43.3333, 144.444, 130.0, 21.6667, 19.5, 13.0, 14.4444, 104.0, 117.0, 86.6667, 115.556, 28.8889, 78.0, 7.22222, 52, 13, 24, 140, 62, 85, 45, 17, 14, 0, 1, 6, 5, 5, 0, 0, 0, 0, 0, 5, 0, 0
54, 56, 90, 54, 0, 0, 0, 0, 0, 56, 0, 22, 6, 27, 35, 0, 1, 2, 5.5, 11, 54, 0, 0, 0, 6, 9, 12, 18, 24, 36, 48, 54, 0, 0, 0, 0, 56, 0, 0, 0, 22, 65.0, 72.2222, 58.5, 26.0, 6.5, 57.7778, 52.0, 39.0, 43.3333, 144.444, 130.0, 21.6667, 19.5, 13.0, 14.4444, 104.0, 117.0, 86.6667, 115.556, 28.8889, 78.0, 7.22222, 5, 0, 1, 2, 21, 0, 29, 13, 1, 0, 0, 0, 0, 5, 0, 0, 0, 0, 0, 12, 0, 1
67, 143, 935, 67, 0, 0, 0, 2, 0, 141, 0, 119, 31, 381, 404, 0, 1, 2, 5.5, 11, 67, 0, 0, 0, 6, 9, 12, 18, 24, 36, 48, 54, 2, 0, 0, 0, 141, 0, 0, 0, 22, 65.0, 72.2222, 58.5, 26.0, 6.5, 57.7778, 52.0, 39.0, 43.3333, 144.444, 130.0, 21.6667, 19.5, 13.0, 14.4444, 104.0, 117.0, 86.6667, 115.556, 28.8889, 78.0, 7.22222, 35, 17, 138, 293, 118, 51, 163, 54, 12, 0, 0, 7, 16, 2, 6, 0, 0, 0, 0, 22, 0, 1
50, 139, 538, 50, 0, 0, 0, 0, 0, 139, 0, 292, 30, 70, 146, 0, 1, 2, 5.5, 11, 50, 0, 0, 0, 6, 9, 12, 18, 24, 36, 48, 54, 0, 0, 0, 0, 138, 1, 0, 0, 22, 65.0, 72.2222, 58.5, 26.0, 6.5, 57.7778, 52.0, 39.0, 43.3333, 144.444, 130.0, 21.6667, 19.5, 13.0, 14.4444, 104.0, 117.0, 86.6667, 115.556, 28.8889, 78.0, 7.22222, 80, 13, 38, 35, 284, 9, 6, 18, 15, 0, 0, 1, 7, 21, 0, 0, 0, 0, 0, 3, 0, 8
41, 190, 3425, 41, 0, 0, 0, 3, 0, 187, 0, 156, 118, 1474, 1677, 0, 1, 2, 5.5, 11, 41, 0, 0, 0, 6, 9, 12, 18, 24, 36, 48, 54, 3, 0, 0, 0, 186, 1, 0, 0, 22, 65.0, 72.2222, 58.5, 26.0, 6.5, 57.7778, 52.0, 39.0, 43.3333, 144.444, 130.0, 21.6667, 19.5, 13.0, 14.4444, 104.0, 117.0, 86.6667, 115.556, 28.8889, 78.0, 7.22222, 126, 18, 179, 887, 144, 138, 1216, 450, 122, 0, 0, 11, 84, 0, 0, 0, 0, 0, 0, 38, 0, 12
74, 181, 791, 74, 0, 0, 0, 0, 0, 181, 0, 46, 176, 159, 410, 0, 1, 2, 5.5, 11, 74, 0, 0, 0, 6, 9, 12, 18, 24, 36, 48, 54, 0, 0, 0, 0, 181, 0, 0, 0, 22, 65.0, 72.2222, 58.5, 26.0, 6.5, 57.7778, 52.0, 39.0, 43.3333, 144.444, 130.0, 21.6667, 19.5, 13.0, 14.4444, 104.0, 117.0, 86.6667, 115.556, 28.8889, 78.0, 7.22222, 32, 65, 49, 125, 43, 50, 214, 128, 9, 0, 0, 34, 7, 1, 3, 0, 0, 0, 0, 31, 0, 0
44, 212, 493, 44, 0, 0, 0, 0, 0, 192, 20, 47, 52, 53, 341, 0, 1, 2, 5.5, 11, 44, 0, 0, 0, 6, 9, 12, 18, 24, 36, 48, 54, 0, 0, 0, 0, 188, 4, 3, 17, 22, 65.0, 72.2222, 58.5, 26.0, 6.5, 57.7778, 52.0, 39.0, 43.3333, 144.444, 130.0, 21.6667, 19.5, 13.0, 14.4444, 104.0, 117.0, 86.6667, 115.556, 28.8889, 78.0, 7.22222, 113, 69, 120, 39, 47, 1, 37, 3, 3, 0, 1, 3, 27, 2, 20, 0, 0, 0, 0, 8, 0, 0
61, 244, 420, 61, 0, 0, 0, 4, 0, 222, 18, 98, 96, 104, 122, 0, 1, 2, 5.5, 11, 61, 0, 0, 0, 6, 9, 12, 18, 24, 36, 48, 54, 4, 0, 0, 0, 205, 17, 14, 4, 22, 65.0, 72.2222, 58.5, 26.0, 6.5, 57.7778, 52.0, 39.0, 43.3333, 144.444, 130.0, 21.6667, 19.5, 13.0, 14.4444, 104.0, 117.0, 86.6667, 115.556, 28.8889, 78.0, 7.22222, 13, 89, 4, 74, 98, 10, 3, 20, 8, 0, 1, 10, 13, 45, 0, 0, 1, 0, 1, 30, 0, 0
75, 120, 241, 75, 0, 0, 0, 3, 0, 106, 11, 44, 13, 158, 26, 0, 1, 2, 5.5, 11, 75, 0, 0, 0, 6, 9, 12, 18, 24, 36, 48, 54, 3, 0, 0, 0, 98, 8, 6, 5, 22, 65.0, 72.2222, 58.5, 26.0, 6.5, 57.7778, 52.0, 39.0, 43.3333, 144.444, 130.0, 21.6667, 19.5, 13.0, 14.4444, 104.0, 117.0, 86.6667, 115.556, 28.8889, 78.0, 7.22222, 5, 0, 0, 84, 44, 3, 2, 25, 22, 3, 5, 4, 8, 1, 0, 0, 8, 0, 0, 26, 1, 0
51, 213, 2254, 51, 0, 0, 0, 2, 0, 205, 6, 158, 75, 727, 1294, 0, 1, 2, 5.5, 11, 51, 0, 0, 0, 6, 9, 12, 18, 24, 36, 48, 54, 2, 0, 0, 0, 197, 8, 5, 1, 22, 65.0, 72.2222, 58.5, 26.0, 6.5, 57.7778, 52.0, 39.0, 43.3333, 144.444, 130.0, 21.6667, 19.5, 13.0, 14.4444, 104.0, 117.0, 86.6667, 115.556, 28.8889, 78.0, 7.22222, 109, 282, 137, 378, 158, 26, 721, 276, 27, 2, 9, 7, 44, 19, 5, 0, 7, 0, 1, 46, 0, 0
74, 156, 7759, 71, 3, 0, 0, 6, 0, 149, 1, 395, 1022, 2701, 3641, 0, 1, 2, 5.5, 11, 71, 0, 3, 0, 6, 9, 12, 18, 24, 36, 48, 54, 6, 0, 0, 0, 148, 1, 1, 0, 22, 65.0, 72.2222, 58.5, 26.0, 6.5, 57.7778, 52.0, 39.0, 43.3333, 144.444, 130.0, 21.6667, 19.5, 13.0, 14.4444, 104.0, 117.0, 86.6667, 115.556, 28.8889, 78.0, 7.22222, 309, 1368, 55, 2534, 395, 1855, 31, 96, 41, 9, 17, 1, 836, 170, 14, 0, 0, 10, 8, 1, 9, 0
50, 289, 2264, 50, 0, 0, 0, 2, 0, 286, 1, 518, 55, 962, 729, 0, 1, 2, 5.5, 11, 50, 0, 0, 0, 6, 9, 12, 18, 24, 36, 48, 54, 2, 0, 0, 0, 282, 4, 0, 1, 22, 65.0, 72.2222, 58.5, 26.0, 6.5, 57.7778, 52.0, 39.0, 43.3333, 144.444, 130.0, 21.6667, 19.5, 13.0, 14.4444, 104.0, 117.0, 86.6667, 115.556, 28.8889, 78.0, 7.22222, 156, 225, 81, 900, 517, 78, 176, 12, 23, 11, 9, 2, 29, 19, 1, 0, 0, 0, 0, 24, 1, 0
30, 137, 1478, 30, 0, 0, 0, 0, 0, 135, 2, 471, 24, 308, 675, 0, 1, 2, 5.5, 11, 30, 0, 0, 0, 6, 9, 12, 18, 24, 36, 48, 54, 0, 0, 0, 0, 132, 3, 2, 0, 22, 65.0, 72.2222, 58.5, 26.0, 6.5, 57.7778, 52.0, 39.0, 43.3333, 144.444, 130.0, 21.6667, 19.5, 13.0, 14.4444, 104.0, 117.0, 86.6667, 115.556, 28.8889, 78.0, 7.22222, 147, 392, 57, 183, 471, 24, 56, 31, 35, 3, 5, 3, 0, 0, 5, 6, 0, 5, 10, 43, 2, 0
23, 48, 1222, 23, 0, 0, 0, 0, 0, 48, 0, 214, 51, 325, 632, 0, 1, 2, 5.5, 11, 23, 0, 0, 0, 6, 9, 12, 18, 24, 36, 48, 54, 0, 0, 0, 0, 48, 0, 0, 0, 22, 65.0, 72.2222, 58.5, 26.0, 6.5, 57.7778, 52.0, 39.0, 43.3333, 144.444, 130.0, 21.6667, 19.5, 13.0, 14.4444, 104.0, 117.0, 86.6667, 115.556, 28.8889, 78.0, 7.22222, 38, 523, 31, 193, 214, 8, 18, 35, 59, 16, 2, 42, 1, 0, 2, 0, 0, 0, 0, 40, 0, 0
22, 176, 7298, 22, 0, 0, 0, 0, 0, 175, 1, 855, 464, 1408, 4571, 0, 1, 2, 5.5, 11, 22, 0, 0, 0, 6, 9, 12, 18, 24, 36, 48, 54, 0, 0, 0, 0, 173, 2, 1, 0, 22, 65.0, 72.2222, 58.5, 26.0, 6.5, 57.7778, 52.0, 39.0, 43.3333, 144.444, 130.0, 21.6667, 19.5, 13.0, 14.4444, 104.0, 117.0, 86.6667, 115.556, 28.8889, 78.0, 7.22222, 1074, 2224, 524, 385, 855, 910, 490, 126, 373, 3, 3, 15, 82, 16, 4, 0, 0, 0, 0, 214, 0, 0
174, 262, 2265, 174, 0, 0, 0, 0, 0, 261, 1, 202, 138, 270, 1655, 0, 1, 2, 5.5, 11, 174, 0, 0, 0, 6, 9, 12, 18, 24, 36, 48, 54, 0, 0, 0, 0, 258, 3, 1, 0, 22, 65.0, 72.2222, 58.5, 26.0, 6.5, 57.7778, 52.0, 39.0, 43.3333, 144.444, 130.0, 21.6667, 19.5, 13.0, 14.4444, 104.0, 117.0, 86.6667, 115.556, 28.8889, 78.0, 7.22222, 175, 1198, 98, 203, 202, 73, 99, 70, 48, 30, 2, 1, 14, 3, 0, 0, 0, 4, 0, 32, 13, 0
42, 199, 968, 41, 1, 0, 0, 0, 0, 198, 1, 227, 26, 199, 516, 0, 1, 2, 5.5, 11, 41, 0, 1, 0, 6, 9, 12, 18, 24, 36, 48, 54, 0, 0, 0, 0, 197, 1, 1, 0, 22, 65.0, 72.2222, 58.5, 26.0, 6.5, 57.7778, 52.0, 39.0, 43.3333, 144.444, 130.0, 21.6667, 19.5, 13.0, 14.4444, 104.0, 117.0, 86.6667, 115.556, 28.8889, 78.0, 7.22222, 150, 254, 69, 74, 227, 35, 20, 34, 55, 3, 2, 0, 4, 8, 8, 0, 0, 0, 0, 25, 0, 0
17, 172, 1893, 17, 0, 0, 0, 0, 0, 156, 16, 94, 97, 301, 1401, 0, 1, 2, 5.5, 11, 17, 0, 0, 0, 6, 9, 12, 18, 24, 36, 48, 54, 0, 0, 0, 0, 156, 0, 2, 14, 22, 65.0, 72.2222, 58.5, 26.0, 6.5, 57.7778, 52.0, 39.0, 43.3333, 144.444, 130.0, 21.6667, 19.5, 13.0, 14.4444, 104.0, 117.0, 86.6667, 115.556, 28.8889, 78.0, 7.22222, 228, 989, 153, 216, 93, 30, 14, 38, 67, 0, 0, 12, 21, 5, 2, 0, 0, 0, 0, 24, 1, 0
25, 179, 724, 25, 0, 0, 0, 8, 0, 169, 2, 76, 156, 194, 298, 0, 1, 2, 5.5, 11, 25, 0, 0, 0, 6, 9, 12, 18, 24, 36, 48, 54, 8, 0, 0, 0, 167, 2, 2, 0, 22, 65.0, 72.2222, 58.5, 26.0, 6.5, 57.7778, 52.0, 39.0, 43.3333, 144.444, 130.0, 21.6667, 19.5, 13.0, 14.4444, 104.0, 117.0, 86.6667, 115.556, 28.8889, 78.0, 7.22222, 93, 71, 70, 84, 75, 14, 35, 42, 28, 19, 8, 47, 14, 16, 59, 0, 0, 2, 0, 42, 4, 1
37, 229, 439, 37, 0, 0, 0, 1, 0, 217, 11, 51, 34, 127, 227, 0, 1, 2, 5.5, 11, 37, 0, 0, 0, 6, 9, 12, 18, 24, 36, 48, 54, 1, 0, 0, 0, 193, 24, 6, 5, 22, 65.0, 72.2222, 58.5, 26.0, 6.5, 57.7778, 52.0, 39.0, 43.3333, 144.444, 130.0, 21.6667, 19.5, 13.0, 14.4444, 104.0, 117.0, 86.6667, 115.556, 28.8889, 78.0, 7.22222, 32, 23, 85, 55, 51, 42, 24, 19, 21, 5, 3, 5, 8, 1, 1, 1, 36, 0, 0, 27, 0, 0
53, 365, 364, 39, 14, 0, 0, 15, 0, 277, 73, 69, 50, 81, 164, 0, 1, 2, 5.5, 11, 39, 0, 0, 14, 6, 9, 12, 18, 24, 36, 48, 54, 15, 0, 0, 0, 235, 42, 40, 33, 22, 65.0, 72.2222, 58.5, 26.0, 6.5, 57.7778, 52.0, 39.0, 43.3333, 144.444, 130.0, 21.6667, 19.5, 13.0, 14.4444, 104.0, 117.0, 86.6667, 115.556, 28.8889, 78.0, 7.22222, 64, 0, 25, 16, 65, 36, 39, 34, 13, 0, 0, 36, 5, 8, 1, 0, 0, 0, 0, 18, 0, 4
18, 3288, 1223, 18, 0, 0, 0, 4, 0, 3276, 8, 783, 50, 117, 273, 0, 1, 2, 5.5, 11, 18, 0, 0, 0, 6, 9, 12, 18, 24, 36, 48, 54, 4, 0, 0, 0, 3267, 9, 3, 5, 22, 65.0, 72.2222, 58.5, 26.0, 6.5, 57.7778, 52.0, 39.0, 43.3333, 144.444, 130.0, 21.6667, 19.5, 13.0, 14.4444, 104.0, 117.0, 86.6667, 115.556, 28.8889, 78.0, 7.22222, 41, 104, 52, 85, 783, 30, 37, 18, 8, 0, 10, 5, 6, 24, 7, 0, 1, 0, 0, 8, 4, 0
37, 222, 1219, 37, 0, 0, 0, 0, 0, 221, 1, 85, 52, 251, 831, 0, 1, 2, 5.5, 11, 37, 0, 0, 0, 6, 9, 12, 18, 24, 36, 48, 54, 0, 0, 0, 0, 216, 5, 1, 0, 22, 65.0, 72.2222, 58.5, 26.0, 6.5, 57.7778, 52.0, 39.0, 43.3333, 144.444, 130.0, 21.6667, 19.5, 13.0, 14.4444, 104.0, 117.0, 86.6667, 115.556, 28.8889, 78.0, 7.22222, 51, 453, 75, 173, 85, 35, 219, 70, 7, 0, 1, 2, 12, 0, 0, 2, 0, 8, 0, 26, 0, 0
28, 161, 823, 28, 0, 0, 0, 0, 0, 158, 3, 74, 111, 336, 302, 0, 1, 2, 5.5, 11, 28, 0, 0, 0, 6, 9, 12, 18, 24, 36, 48, 54, 0, 0, 0, 0, 148, 10, 1, 2, 22, 65.0, 72.2222, 58.5, 26.0, 6.5, 57.7778, 52.0, 39.0, 43.3333, 144.444, 130.0, 21.6667, 19.5, 13.0, 14.4444, 104.0, 117.0, 86.6667, 115.556, 28.8889, 78.0, 7.22222, 45, 194, 18, 112, 74, 17, 24, 108, 131, 0, 3, 1, 63, 15, 0, 1, 0, 1, 0, 16, 0, 0
20, 326, 3250, 19, 1, 0, 0, 3, 0, 313, 10, 203, 365, 770, 1912, 0, 1, 2, 5.5, 11, 19, 0, 1, 0, 6, 9, 12, 18, 24, 36, 48, 54, 3, 0, 0, 0, 299, 14, 9, 1, 22, 65.0, 72.2222, 58.5, 26.0, 6.5, 57.7778, 52.0, 39.0, 43.3333, 144.444, 130.0, 21.6667, 19.5, 13.0, 14.4444, 104.0, 117.0, 86.6667, 115.556, 28.8889, 78.0, 7.22222, 831, 475, 391, 254, 203, 426, 84, 49, 374, 3, 6, 6, 90, 32, 11, 0, 0, 0, 0, 15, 0, 0
36, 383, 2264, 33, 3, 0, 0, 1, 0, 382, 0, 181, 271, 820, 992, 0, 1, 2, 5.5, 11, 33, 0, 3, 0, 6, 9, 12, 18, 24, 36, 48, 54, 1, 0, 0, 0, 382, 0, 0, 0, 22, 65.0, 72.2222, 58.5, 26.0, 6.5, 57.7778, 52.0, 39.0, 43.3333, 144.444, 130.0, 21.6667, 19.5, 13.0, 14.4444, 104.0, 117.0, 86.6667, 115.556, 28.8889, 78.0, 7.22222, 219, 367, 82, 92, 175, 173, 302, 144, 505, 0, 0, 28, 122, 31, 5, 1, 0, 2, 1, 12, 3, 0
39, 72, 1514, 32, 7, 0, 0, 0, 0, 72, 0, 33, 132, 230, 1119, 0, 1, 2, 5.5, 11, 32, 0, 7, 0, 6, 9, 12, 18, 24, 36, 48, 54, 0, 0, 0, 0, 72, 0, 0, 0, 22, 65.0, 72.2222, 58.5, 26.0, 6.5, 57.7778, 52.0, 39.0, 43.3333, 144.444, 130.0, 21.6667, 19.5, 13.0, 14.4444, 104.0, 117.0, 86.6667, 115.556, 28.8889, 78.0, 7.22222, 561, 341, 140, 136, 33, 48, 75, 29, 22, 0, 1, 1, 78, 12, 27, 0, 0, 0, 2, 7, 1, 0
23, 106, 465, 23, 0, 0, 0, 0, 0, 106, 0, 29, 22, 92, 322, 0, 1, 2, 5.5, 11, 23, 0, 0, 0, 6, 9, 12, 18, 24, 36, 48, 54, 0, 0, 0, 0, 105, 1, 0, 0, 22, 65.0, 72.2222, 58.5, 26.0, 6.5, 57.7778, 52.0, 39.0, 43.3333, 144.444, 130.0, 21.6667, 19.5, 13.0, 14.4444, 104.0, 117.0, 86.6667, 115.556, 28.8889, 78.0, 7.22222, 48, 168, 37, 56, 28, 42, 37, 32, 7, 0, 0, 1, 5, 1, 0, 0, 0, 0, 0, 3, 0, 0
33, 263, 656, 32, 1, 0, 0, 0, 0, 263, 0, 47, 83, 194, 332, 0, 1, 2, 5.5, 11, 32, 0, 1, 0, 6, 9, 12, 18, 24, 36, 48, 54, 0, 0, 0, 0, 263, 0, 0, 0, 22, 65.0, 72.2222, 58.5, 26.0, 6.5, 57.7778, 52.0, 39.0, 43.3333, 144.444, 130.0, 21.6667, 19.5, 13.0, 14.4444, 104.0, 117.0, 86.6667, 115.556, 28.8889, 78.0, 7.22222, 57, 192, 55, 130, 45, 22, 25, 42, 8, 0, 0, 7, 33, 34, 3, 0, 0, 0, 0, 2, 1, 0
20, 96, 417, 20, 0, 0, 0, 7, 0, 86, 3, 52, 60, 74, 231, 0, 1, 2, 5.5, 11, 20, 0, 0, 0, 6, 9, 12, 18, 24, 36, 48, 54, 7, 0, 0, 0, 86, 0, 1, 2, 22, 65.0, 72.2222, 58.5, 26.0, 6.5, 57.7778, 52.0, 39.0, 43.3333, 144.444, 130.0, 21.6667, 19.5, 13.0, 14.4444, 104.0, 117.0, 86.6667, 115.556, 28.8889, 78.0, 7.22222, 32, 124, 60, 34, 50, 29, 10, 13, 7, 1, 2, 3, 36, 16, 0, 0, 0, 0, 0, 0, 0, 0
31, 158, 553, 31, 0, 0, 0, 2, 0, 156, 0, 41, 48, 128, 336, 0, 1, 2, 5.5, 11, 31, 0, 0, 0, 6, 9, 12, 18, 24, 36, 48, 54, 2, 0, 0, 0, 151, 5, 0, 0, 22, 65.0, 72.2222, 58.5, 26.0, 6.5, 57.7778, 52.0, 39.0, 43.3333, 144.444, 130.0, 21.6667, 19.5, 13.0, 14.4444, 104.0, 117.0, 86.6667, 115.556, 28.8889, 78.0, 7.22222, 43, 236, 25, 78, 41, 20, 14, 14, 35, 0, 0, 7, 13, 3, 1, 0, 0, 0, 0, 22, 1, 0
45, 184, 983, 44, 1, 0, 0, 0, 0, 183, 1, 167, 283, 232, 301, 0, 1, 2, 5.5, 11, 44, 0, 1, 0, 6, 9, 12, 18, 24, 36, 48, 54, 0, 0, 0, 0, 179, 4, 1, 0, 22, 65.0, 72.2222, 58.5, 26.0, 6.5, 57.7778, 52.0, 39.0, 43.3333, 144.444, 130.0, 21.6667, 19.5, 13.0, 14.4444, 104.0, 117.0, 86.6667, 115.556, 28.8889, 78.0, 7.22222, 49, 221, 17, 113, 162, 5, 12, 19, 5, 1, 1, 125, 27, 53, 36, 0, 0, 2, 0, 130, 0, 5
35, 236, 928, 34, 1, 0, 0, 4, 0, 226, 6, 143, 137, 251, 397, 0, 1, 2, 5.5, 11, 34, 0, 1, 0, 6, 9, 12, 18, 24, 36, 48, 54, 4, 0, 0, 0, 218, 8, 4, 2, 22, 65.0, 72.2222, 58.5, 26.0, 6.5, 57.7778, 52.0, 39.0, 43.3333, 144.444, 130.0, 21.6667, 19.5, 13.0, 14.4444, 104.0, 117.0, 86.6667, 115.556, 28.8889, 78.0, 7.22222, 25, 271, 21, 220, 139, 31, 50, 25, 19, 0, 0, 8, 22, 45, 19, 0, 0, 0, 0, 26, 3, 4
26, 200, 1524, 25, 1, 0, 0, 0, 0, 200, 0, 174, 325, 270, 755, 0, 1, 2, 5.5, 11, 25, 0, 1, 0, 6, 9, 12, 18, 24, 36, 48, 54, 0, 0, 0, 0, 199, 1, 0, 0, 22, 65.0, 72.2222, 58.5, 26.0, 6.5, 57.7778, 52.0, 39.0, 43.3333, 144.444, 130.0, 21.6667, 19.5, 13.0, 14.4444, 104.0, 117.0, 86.6667, 115.556, 28.8889, 78.0, 7.22222, 162, 252, 108, 431, 174, 205, 33, 42, 22, 0, 1, 8, 30, 28, 0, 0, 0, 0, 0, 28, 0, 0
47, 215, 1388, 47, 0, 0, 0, 2, 0, 212, 1, 105, 204, 279, 800, 0, 1, 2, 5.5, 11, 47, 0, 0, 0, 6, 9, 12, 18, 24, 36, 48, 54, 2, 0, 0, 0, 207, 5, 1, 0, 22, 65.0, 72.2222, 58.5, 26.0, 6.5, 57.7778, 52.0, 39.0, 43.3333, 144.444, 130.0, 21.6667, 19.5, 13.0, 14.4444, 104.0, 117.0, 86.6667, 115.556, 28.8889, 78.0, 7.22222, 173, 213, 369, 60, 105, 151, 97, 64, 28, 1, 0, 0, 113, 3, 0, 0, 0, 0, 0, 8, 3, 0
88, 127, 738, 88, 0, 0, 0, 0, 0, 126, 1, 25, 57, 163, 493, 0, 1, 2, 5.5, 11, 88, 0, 0, 0, 6, 9, 12, 18, 24, 36, 48, 54, 0, 0, 0, 0, 125, 1, 1, 0, 22, 65.0, 72.2222, 58.5, 26.0, 6.5, 57.7778, 52.0, 39.0, 43.3333, 144.444, 130.0, 21.6667, 19.5, 13.0, 14.4444, 104.0, 117.0, 86.6667, 115.556, 28.8889, 78.0, 7.22222, 94, 258, 69, 125, 25, 18, 4, 39, 7, 0, 29, 4, 23, 1, 1, 5, 16, 1, 4, 15, 0, 0
39, 173, 359, 36, 3, 0, 0, 1, 0, 172, 0, 28, 20, 96, 215, 0, 1, 2, 5.5, 11, 36, 0, 3, 0, 6, 9, 12, 18, 24, 36, 48, 54, 1, 0, 0, 0, 170, 2, 0, 0, 22, 65.0, 72.2222, 58.5, 26.0, 6.5, 57.7778, 52.0, 39.0, 43.3333, 144.444, 130.0, 21.6667, 19.5, 13.0, 14.4444, 104.0, 117.0, 86.6667, 115.556, 28.8889, 78.0, 7.22222, 88, 75, 31, 47, 28, 23, 0, 8, 25, 0, 0, 1, 7, 6, 0, 0, 0, 0, 0, 19, 1, 0
50, 204, 902, 50, 0, 0, 0, 0, 0, 204, 0, 54, 158, 164, 526, 0, 1, 2, 5.5, 11, 50, 0, 0, 0, 6, 9, 12, 18, 24, 36, 48, 54, 0, 0, 0, 0, 202, 2, 0, 0, 22, 65.0, 72.2222, 58.5, 26.0, 6.5, 57.7778, 52.0, 39.0, 43.3333, 144.444, 130.0, 21.6667, 19.5, 13.0, 14.4444, 104.0, 117.0, 86.6667, 115.556, 28.8889, 78.0, 7.22222, 97, 248, 76, 81, 54, 25, 80, 33, 27, 0, 1, 7, 24, 113, 9, 2, 0, 0, 0, 24, 1, 0
75, 311, 642, 54, 21, 0, 0, 43, 0, 265, 3, 149, 66, 129, 298, 0, 1, 2, 5.5, 11, 54, 21, 0, 0, 6, 9, 12, 18, 24, 36, 48, 54, 42, 1, 0, 0, 261, 4, 1, 2, 22, 65.0, 72.2222, 58.5, 26.0, 6.5, 57.7778, 52.0, 39.0, 43.3333, 144.444, 130.0, 21.6667, 19.5, 13.0, 14.4444, 104.0, 117.0, 86.6667, 115.556, 28.8889, 78.0, 7.22222, 51, 208, 21, 85, 143, 3, 12, 15, 13, 2, 2, 2, 28, 28, 2, 0, 0, 0, 0, 27, 0, 0
30, 137, 1344, 30, 0, 0, 0, 4, 0, 130, 3, 64, 56, 714, 510, 0, 1, 2, 5.5, 11, 30, 0, 0, 0, 6, 9, 12, 18, 24, 36, 48, 54, 4, 0, 0, 0, 127, 3, 3, 0, 22, 65.0, 72.2222, 58.5, 26.0, 6.5, 57.7778, 52.0, 39.0, 43.3333, 144.444, 130.0, 21.6667, 19.5, 13.0, 14.4444, 104.0, 117.0, 86.6667, 115.556, 28.8889, 78.0, 7.22222, 43, 151, 23, 617, 64, 2, 94, 24, 32, 5, 0, 16, 14, 14, 1, 0, 108, 0, 90, 46, 0, 0
702, 123, 1535, 626, 76, 0, 0, 17, 0, 106, 0, 1050, 27, 178, 280, 0, 1, 2, 5.5, 11, 626, 75, 1, 0, 6, 9, 12, 18, 24, 36, 48, 54, 13, 4, 0, 0, 105, 1, 0, 0, 22, 65.0, 72.2222, 58.5, 26.0, 6.5, 57.7778, 52.0, 39.0, 43.3333, 144.444, 130.0, 21.6667, 19.5, 13.0, 14.4444, 104.0, 117.0, 86.6667, 115.556, 28.8889, 78.0, 7.22222, 66, 141, 20, 62, 1050, 21, 21, 34, 54, 1, 1, 5, 8, 9, 2, 0, 14, 0, 0, 26, 0, 0
51, 258, 1161, 51, 0, 0, 0, 64, 0, 185, 9, 166, 178, 236, 581, 0, 1, 2, 5.5, 11, 51, 0, 0, 0, 6, 9, 12, 18, 24, 36, 48, 54, 64, 0, 0, 0, 169, 16, 9, 0, 22, 65.0, 72.2222, 58.5, 26.0, 6.5, 57.7778, 52.0, 39.0, 43.3333, 144.444, 130.0, 21.6667, 19.5, 13.0, 14.4444, 104.0, 117.0, 86.6667, 115.556, 28.8889, 78.0, 7.22222, 205, 277, 27, 97, 163, 13, 60, 98, 15, 0, 0, 40, 123, 6, 2, 0, 0, 0, 0, 32, 0, 3
115, 1096, 5246, 115, 0, 0, 0, 528, 0, 469, 99, 372, 254, 2103, 2517, 0, 1, 2, 5.5, 11, 115, 0, 0, 0, 6, 9, 12, 18, 24, 36, 48, 54, 528, 0, 0, 0, 321, 148, 97, 2, 22, 65.0, 72.2222, 58.5, 26.0, 6.5, 57.7778, 52.0, 39.0, 43.3333, 144.444, 130.0, 21.6667, 19.5, 13.0, 14.4444, 104.0, 117.0, 86.6667, 115.556, 28.8889, 78.0, 7.22222, 1103, 324, 555, 141, 348, 61, 474, 112, 610, 0, 0, 171, 36, 21, 5, 0, 0, 1, 0, 1260, 0, 24
55, 273, 1503, 55, 0, 0, 0, 0, 0, 273, 0, 122, 183, 277, 921, 0, 1, 2, 5.5, 11, 55, 0, 0, 0, 6, 9, 12, 18, 24, 36, 48, 54, 0, 0, 0, 0, 273, 0, 0, 0, 22, 65.0, 72.2222, 58.5, 26.0, 6.5, 57.7778, 52.0, 39.0, 43.3333, 144.444, 130.0, 21.6667, 19.5, 13.0, 14.4444, 104.0, 117.0, 86.6667, 115.556, 28.8889, 78.0, 7.22222, 179, 436, 148, 112, 110, 11, 129, 114, 39, 6, 19, 21, 73, 44, 6, 5, 13, 3, 0, 12, 23, 0
71, 373, 2470, 71, 0, 0, 0, 0, 0, 372, 1, 522, 680, 461, 807, 0, 1, 2, 5.5, 11, 71, 0, 0, 0, 6, 9, 12, 18, 24, 36, 48, 54, 0, 0, 0, 0, 369, 3, 1, 0, 22, 65.0, 72.2222, 58.5, 26.0, 6.5, 57.7778, 52.0, 39.0, 43.3333, 144.444, 130.0, 21.6667, 19.5, 13.0, 14.4444, 104.0, 117.0, 86.6667, 115.556, 28.8889, 78.0, 7.22222, 300, 300, 47, 262, 407, 63, 58, 81, 21, 37, 37, 73, 314, 227, 44, 0, 20, 1, 0, 83, 0, 95
53, 442, 1432, 53, 0, 0, 0, 0, 0, 437, 5, 118, 164, 238, 912, 0, 1, 2, 5.5, 11, 53, 0, 0, 0, 6, 9, 12, 18, 24, 36, 48, 54, 0, 0, 0, 0, 407, 30, 3, 2, 22, 65.0, 72.2222, 58.5, 26.0, 6.5, 57.7778, 52.0, 39.0, 43.3333, 144.444, 130.0, 21.6667, 19.5, 13.0, 14.4444, 104.0, 117.0, 86.6667, 115.556, 28.8889, 78.0, 7.22222, 175, 518, 58, 126, 106, 91, 62, 67, 14, 10, 16, 15, 40, 59, 40, 16, 12, 0, 0, 5, 2, 0
121, 180, 1174, 119, 2, 0, 0, 0, 0, 179, 1, 83, 87, 310, 694, 0, 1, 2, 5.5, 11, 119, 0, 2, 0, 6, 9, 12, 18, 24, 36, 48, 54, 0, 0, 0, 0, 178, 1, 0, 1, 22, 65.0, 72.2222, 58.5, 26.0, 6.5, 57.7778, 52.0, 39.0, 43.3333, 144.444, 130.0, 21.6667, 19.5, 13.0, 14.4444, 104.0, 117.0, 86.6667, 115.556, 28.8889, 78.0, 7.22222, 124, 439, 41, 223, 75, 69, 29, 23, 45, 10, 14, 11, 27, 31, 1, 0, 0, 0, 0, 12, 0, 0
55, 158, 669, 53, 2, 0, 0, 0, 0, 155, 3, 102, 43, 160, 364, 0, 1, 2, 5.5, 11, 53, 0, 2, 0, 6, 9, 12, 18, 24, 36, 48, 54, 0, 0, 0, 0, 152, 3, 1, 2, 22, 65.0, 72.2222, 58.5, 26.0, 6.5, 57.7778, 52.0, 39.0, 43.3333, 144.444, 130.0, 21.6667, 19.5, 13.0, 14.4444, 104.0, 117.0, 86.6667, 115.556, 28.8889, 78.0, 7.22222, 80, 193, 30, 104, 95, 5, 56, 42, 18, 1, 0, 4, 11, 8, 4, 0, 0, 0, 1, 10, 0, 7
33, 206, 725, 33, 0, 0, 0, 0, 7, 197, 2, 60, 171, 195, 299, 0, 1, 2, 5.5, 11, 33, 0, 0, 0, 6, 9, 12, 18, 24, 36, 48, 54, 0, 0, 7, 0, 194, 3, 2, 0, 22, 65.0, 72.2222, 58.5, 26.0, 6.5, 57.7778, 52.0, 39.0, 43.3333, 144.444, 130.0, 21.6667, 19.5, 13.0, 14.4444, 104.0, 117.0, 86.6667, 115.556, 28.8889, 78.0, 7.22222, 28, 193, 9, 92, 60, 26, 52, 71, 34, 0, 4, 10, 53, 65, 11, 3, 1, 0, 1, 10, 2, 0
108, 161, 1090, 108, 0, 0, 0, 1, 0, 156, 4, 79, 269, 388, 354, 0, 1, 2, 5.5, 11, 108, 0, 0, 0, 6, 9, 12, 18, 24, 36, 48, 54, 1, 0, 0, 0, 151, 5, 2, 2, 22, 65.0, 72.2222, 58.5, 26.0, 6.5, 57.7778, 52.0, 39.0, 43.3333, 144.444, 130.0, 21.6667, 19.5, 13.0, 14.4444, 104.0, 117.0, 86.6667, 115.556, 28.8889, 78.0, 7.22222, 24, 210, 16, 292, 77, 21, 43, 44, 35, 7, 10, 146, 74, 17, 7, 17, 5, 0, 10, 31, 2, 2
62, 171, 4452, 62, 0, 0, 0, 1, 0, 170, 0, 124, 92, 1357, 2879, 0, 1, 2, 5.5, 11, 62, 0, 0, 0, 6, 9, 12, 18, 24, 36, 48, 54, 1, 0, 0, 0, 168, 2, 0, 0, 22, 65.0, 72.2222, 58.5, 26.0, 6.5, 57.7778, 52.0, 39.0, 43.3333, 144.444, 130.0, 21.6667, 19.5, 13.0, 14.4444, 104.0, 117.0, 86.6667, 115.556, 28.8889, 78.0, 7.22222, 1502, 142, 27, 898, 123, 1143, 47, 88, 348, 11, 1, 9, 60, 1, 1, 0, 5, 0, 5, 41, 0, 0
52, 166, 569, 52, 0, 0, 0, 0, 0, 166, 0, 44, 99, 180, 246, 0, 1, 2, 5.5, 11, 52, 0, 0, 0, 6, 9, 12, 18, 24, 36, 48, 54, 0, 0, 0, 0, 166, 0, 0, 0, 22, 65.0, 72.2222, 58.5, 26.0, 6.5, 57.7778, 52.0, 39.0, 43.3333, 144.444, 130.0, 21.6667, 19.5, 13.0, 14.4444, 104.0, 117.0, 86.6667, 115.556, 28.8889, 78.0, 7.22222, 57, 90, 6, 77, 44, 35, 53, 61, 35, 0, 2, 4, 45, 23, 0, 0, 0, 4, 3, 30, 0, 0
28, 81, 620, 28, 0, 0, 0, 0, 0, 81, 0, 47, 56, 209, 308, 0, 1, 2, 5.5, 11, 28, 0, 0, 0, 6, 9, 12, 18, 24, 36, 48, 54, 0, 0, 0, 0, 81, 0, 0, 0, 22, 65.0, 72.2222, 58.5, 26.0, 6.5, 57.7778, 52.0, 39.0, 43.3333, 144.444, 130.0, 21.6667, 19.5, 13.0, 14.4444, 104.0, 117.0, 86.6667, 115.556, 28.8889, 78.0, 7.22222, 76, 122, 11, 132, 47, 32, 67, 22, 44, 0, 0, 1, 22, 8, 1, 0, 0, 2, 0, 33, 0, 0
103, 319, 3527, 80, 23, 0, 0, 26, 5, 286, 2, 123, 253, 1054, 2097, 0, 1, 2, 5.5, 11, 80, 22, 1, 0, 6, 9, 12, 18, 24, 36, 48, 54, 19, 7, 5, 0, 285, 1, 1, 1, 22, 65.0, 72.2222, 58.5, 26.0, 6.5, 57.7778, 52.0, 39.0, 43.3333, 144.444, 130.0, 21.6667, 19.5, 13.0, 14.4444, 104.0, 117.0, 86.6667, 115.556, 28.8889, 78.0, 7.22222, 1025, 276, 7, 292, 123, 497, 291, 64, 51, 0, 0, 135, 54, 19, 4, 0, 1, 0, 0, 688, 0, 0
36, 153, 596, 35, 1, 0, 0, 0, 0, 153, 0, 34, 80, 211, 271, 0, 1, 2, 5.5, 11, 35, 0, 1, 0, 6, 9, 12, 18, 24, 36, 48, 54, 0, 0, 0, 0, 153, 0, 0, 0, 22, 65.0, 72.2222, 58.5, 26.0, 6.5, 57.7778, 52.0, 39.0, 43.3333, 144.444, 130.0, 21.6667, 19.5, 13.0, 14.4444, 104.0, 117.0, 86.6667, 115.556, 28.8889, 78.0, 7.22222, 110, 141, 3, 109, 34, 5, 11, 30, 20, 0, 1, 21, 13, 18, 10, 0, 1, 0, 0, 69, 0, 0
35, 133, 3136, 34, 1, 0, 0, 1, 0, 132, 0, 150, 348, 470, 2168, 0, 1, 2, 5.5, 11, 34, 1, 0, 0, 6, 9, 12, 18, 24, 36, 48, 54, 1, 0, 0, 0, 130, 2, 0, 0, 22, 65.0, 72.2222, 58.5, 26.0, 6.5, 57.7778, 52.0, 39.0, 43.3333, 144.444, 130.0, 21.6667, 19.5, 13.0, 14.4444, 104.0, 117.0, 86.6667, 115.556, 28.8889, 78.0, 7.22222, 704, 411, 180, 223, 142, 233, 635, 40, 76, 5, 0, 32, 36, 31, 22, 0, 0, 0, 0, 366, 0, 0
48, 204, 2336, 48, 0, 0, 0, 0, 0, 203, 1, 230, 418, 822, 866, 0, 1, 2, 5.5, 11, 48, 0, 0, 0, 6, 9, 12, 18, 24, 36, 48, 54, 0, 0, 0, 0, 201, 2, 1, 0, 22, 65.0, 72.2222, 58.5, 26.0, 6.5, 57.7778, 52.0, 39.0, 43.3333, 144.444, 130.0, 21.6667, 19.5, 13.0, 14.4444, 104.0, 117.0, 86.6667, 115.556, 28.8889, 78.0, 7.22222, 205, 171, 303, 111, 212, 76, 102, 95, 220, 8, 2, 105, 69, 100, 4, 0, 0, 0, 0, 535, 0, 18
58, 226, 3879, 58, 0, 0, 0, 0, 0, 226, 0, 64, 56, 558, 3201, 0, 1, 2, 5.5, 11, 58, 0, 0, 0, 6, 9, 12, 18, 24, 36, 48, 54, 0, 0, 0, 0, 226, 0, 0, 0, 22, 65.0, 72.2222, 58.5, 26.0, 6.5, 57.7778, 52.0, 39.0, 43.3333, 144.444, 130.0, 21.6667, 19.5, 13.0, 14.4444, 104.0, 117.0, 86.6667, 115.556, 28.8889, 78.0, 7.22222, 704, 2296, 127, 238, 64, 36, 42, 63, 211, 0, 0, 4, 9, 17, 0, 1, 0, 0, 0, 67, 0, 0
45, 432, 7110, 45, 0, 0, 0, 0, 0, 432, 0, 227, 290, 363, 6230, 0, 1, 2, 5.5, 11, 45, 0, 0, 0, 6, 9, 12, 18, 24, 36, 48, 54, 0, 0, 0, 0, 427, 5, 0, 0, 22, 65.0, 72.2222, 58.5, 26.0, 6.5, 57.7778, 52.0, 39.0, 43.3333, 144.444, 130.0, 21.6667, 19.5, 13.0, 14.4444, 104.0, 117.0, 86.6667, 115.556, 28.8889, 78.0, 7.22222, 1226, 4533, 357, 219, 224, 52, 66, 56, 76, 0, 2, 4, 83, 174, 1, 1, 1, 13, 0, 19, 0, 3
62, 231, 2701, 62, 0, 0, 0, 0, 0, 230, 1, 136, 308, 799, 1458, 0, 1, 2, 5.5, 11, 62, 0, 0, 0, 6, 9, 12, 18, 24, 36, 48, 54, 0, 0, 0, 0, 230, 0, 1, 0, 22, 65.0, 72.2222, 58.5, 26.0, 6.5, 57.7778, 52.0, 39.0, 43.3333, 144.444, 130.0, 21.6667, 19.5, 13.0, 14.4444, 104.0, 117.0, 86.6667, 115.556, 28.8889, 78.0, 7.22222, 363, 235, 46, 460, 133, 692, 119, 153, 25, 5, 1, 14, 109, 47, 8, 0, 0, 0, 0, 291, 0, 0
69, 268, 1035, 69, 0, 0, 0, 0, 0, 268, 0, 61, 63, 494, 417, 0, 1, 2, 5.5, 11, 69, 0, 0, 0, 6, 9, 12, 18, 24, 36, 48, 54, 0, 0, 0, 0, 267, 1, 0, 0, 22, 65.0, 72.2222, 58.5, 26.0, 6.5, 57.7778, 52.0, 39.0, 43.3333, 144.444, 130.0, 21.6667, 19.5, 13.0, 14.4444, 104.0, 117.0, 86.6667, 115.556, 28.8889, 78.0, 7.22222, 260, 86, 55, 197, 61, 7, 11, 23, 175, 0, 0, 4, 39, 8, 1, 0, 0, 0, 0, 108, 0, 0
63, 77, 570, 62, 1, 0, 0, 1, 0, 76, 0, 36, 47, 99, 388, 0, 1, 2, 5.5, 11, 62, 0, 0, 1, 6, 9, 12, 18, 24, 36, 48, 54, 1, 0, 0, 0, 72, 4, 0, 0, 22, 65.0, 72.2222, 58.5, 26.0, 6.5, 57.7778, 52.0, 39.0, 43.3333, 144.444, 130.0, 21.6667, 19.5, 13.0, 14.4444, 104.0, 117.0, 86.6667, 115.556, 28.8889, 78.0, 7.22222, 205, 137, 34, 63, 36, 4, 5, 15, 7, 1, 0, 6, 33, 2, 3, 0, 2, 0, 0, 17, 0, 0
33, 99, 959, 33, 0, 0, 0, 0, 0, 98, 1, 71, 106, 257, 525, 0, 1, 2, 5.5, 11, 33, 0, 0, 0, 6, 9, 12, 18, 24, 36, 48, 54, 0, 0, 0, 0, 98, 0, 0, 1, 22, 65.0, 72.2222, 58.5, 26.0, 6.5, 57.7778, 52.0, 39.0, 43.3333, 144.444, 130.0, 21.6667, 19.5, 13.0, 14.4444, 104.0, 117.0, 86.6667, 115.556, 28.8889, 78.0, 7.22222, 196, 197, 73, 144, 68, 35, 24, 24, 7, 0, 1, 44, 34, 14, 6, 1, 0, 0, 0, 88, 0, 3
129, 184, 2611, 129, 0, 0, 0, 0, 0, 182, 2, 157, 375, 942, 1137, 0, 1, 2, 5.5, 11, 129, 0, 0, 0, 6, 9, 12, 18, 24, 36, 48, 54, 0, 0, 0, 0, 182, 0, 1, 1, 22, 65.0, 72.2222, 58.5, 26.0, 6.5, 57.7778, 52.0, 39.0, 43.3333, 144.444, 130.0, 21.6667, 19.5, 13.0, 14.4444, 104.0, 117.0, 86.6667, 115.556, 28.8889, 78.0, 7.22222, 178, 117, 336, 150, 157, 21, 485, 153, 17, 1, 0, 107, 63, 182, 0, 0, 0, 0, 0, 644, 0, 0
90, 136, 1665, 90, 0, 0, 0, 0, 0, 136, 0, 378, 94, 463, 730, 0, 1, 2, 5.5, 11, 90, 0, 0, 0, 6, 9, 12, 18, 24, 36, 48, 54, 0, 0, 0, 0, 133, 3, 0, 0, 22, 65.0, 72.2222, 58.5, 26.0, 6.5, 57.7778, 52.0, 39.0, 43.3333, 144.444, 130.0, 21.6667, 19.5, 13.0, 14.4444, 104.0, 117.0, 86.6667, 115.556, 28.8889, 78.0, 7.22222, 306, 87, 198, 114, 377, 13, 127, 63, 32, 0, 0, 32, 35, 20, 1, 0, 0, 0, 0, 259, 0, 1
40, 250, 2368, 40, 0, 0, 0, 2, 0, 248, 0, 535, 539, 1007, 287, 0, 1, 2, 5.5, 11, 40, 0, 0, 0, 6, 9, 12, 18, 24, 36, 48, 54, 2, 0, 0, 0, 246, 2, 0, 0, 22, 65.0, 72.2222, 58.5, 26.0, 6.5, 57.7778, 52.0, 39.0, 43.3333, 144.444, 130.0, 21.6667, 19.5, 13.0, 14.4444, 104.0, 117.0, 86.6667, 115.556, 28.8889, 78.0, 7.22222, 104, 69, 60, 658, 528, 10, 46, 220, 59, 0, 0, 21, 189, 314, 9, 0, 0, 0, 0, 74, 0, 7
84, 349, 1346, 78, 6, 0, 0, 28, 0, 299, 22, 222, 290, 375, 459, 0, 1, 2, 5.5, 11, 78, 0, 6, 0, 6, 9, 12, 18, 24, 36, 48, 54, 28, 0, 0, 0, 277, 22, 18, 4, 22, 65.0, 72.2222, 58.5, 26.0, 6.5, 57.7778, 52.0, 39.0, 43.3333, 144.444, 130.0, 21.6667, 19.5, 13.0, 14.4444, 104.0, 117.0, 86.6667, 115.556, 28.8889, 78.0, 7.22222, 130, 207, 40, 175, 214, 61, 33, 60, 57, 0, 0, 34, 143, 90, 18, 0, 0, 0, 0, 76, 0, 8
138, 279, 5014, 136, 2, 0, 0, 40, 0, 238, 1, 450, 1026, 1574, 1964, 0, 1, 2, 5.5, 11, 136, 0, 2, 0, 6, 9, 12, 18, 24, 36, 48, 54, 40, 0, 0, 0, 228, 10, 1, 0, 22, 65.0, 72.2222, 58.5, 26.0, 6.5, 57.7778, 52.0, 39.0, 43.3333, 144.444, 130.0, 21.6667, 19.5, 13.0, 14.4444, 104.0, 117.0, 86.6667, 115.556, 28.8889, 78.0, 7.22222, 344, 58, 228, 683, 449, 400, 937, 447, 241, 0, 1, 170, 147, 364, 344, 1, 0, 0, 0, 200, 0, 0
101, 474, 2821, 84, 17, 0, 0, 7, 0, 466, 1, 252, 401, 1301, 867, 0, 1, 2, 5.5, 11, 84, 0, 2, 15, 6, 9, 12, 18, 24, 36, 48, 54, 7, 0, 0, 0, 464, 2, 1, 0, 22, 65.0, 72.2222, 58.5, 26.0, 6.5, 57.7778, 52.0, 39.0, 43.3333, 144.444, 130.0, 21.6667, 19.5, 13.0, 14.4444, 104.0, 117.0, 86.6667, 115.556, 28.8889, 78.0, 7.22222, 213, 193, 112, 650, 248, 60, 293, 176, 195, 3, 0, 49, 206, 122, 5, 1, 0, 0, 0, 294, 1, 0
75, 348, 5240, 62, 13, 0, 0, 4, 0, 341, 3, 270, 497, 1196, 3277, 0, 1, 2, 5.5, 11, 62, 0, 13, 0, 6, 9, 12, 18, 24, 36, 48, 54, 4, 0, 0, 0, 335, 6, 3, 0, 22, 65.0, 72.2222, 58.5, 26.0, 6.5, 57.7778, 52.0, 39.0, 43.3333, 144.444, 130.0, 21.6667, 19.5, 13.0, 14.4444, 104.0, 117.0, 86.6667, 115.556, 28.8889, 78.0, 7.22222, 1010, 412, 771, 421, 264, 471, 622, 314, 305, 0, 2, 18, 263, 155, 63, 0, 0, 1, 0, 132, 12, 4
63, 280, 3598, 62, 1, 0, 0, 9, 0, 265, 6, 162, 180, 898, 2358, 0, 1, 2, 5.5, 11, 62, 0, 1, 0, 6, 9, 12, 18, 24, 36, 48, 54, 9, 0, 0, 0, 262, 3, 1, 5, 22, 65.0, 72.2222, 58.5, 26.0, 6.5, 57.7778, 52.0, 39.0, 43.3333, 144.444, 130.0, 21.6667, 19.5, 13.0, 14.4444, 104.0, 117.0, 86.6667, 115.556, 28.8889, 78.0, 7.22222, 1494, 129, 308, 331, 155, 276, 146, 326, 116, 0, 0, 48, 45, 38, 43, 1, 3, 0, 1, 131, 0, 7
82, 576, 1869, 81, 1, 0, 0, 1, 0, 573, 2, 259, 202, 659, 749, 0, 1, 2, 5.5, 11, 81, 0, 1, 0, 6, 9, 12, 18, 24, 36, 48, 54, 1, 0, 0, 0, 571, 2, 1, 1, 22, 65.0, 72.2222, 58.5, 26.0, 6.5, 57.7778, 52.0, 39.0, 43.3333, 144.444, 130.0, 21.6667, 19.5, 13.0, 14.4444, 104.0, 117.0, 86.6667, 115.556, 28.8889, 78.0, 7.22222, 123, 468, 87, 174, 258, 15, 35, 183, 60, 1, 12, 54, 97, 40, 4, 2, 0, 3, 6, 246, 0, 1
208, 303, 3829, 201, 7, 0, 0, 3, 0, 299, 1, 561, 1163, 1189, 916, 0, 1, 2, 5.5, 11, 201, 7, 0, 0, 6, 9, 12, 18, 24, 36, 48, 54, 3, 0, 0, 0, 295, 4, 1, 0, 22, 65.0, 72.2222, 58.5, 26.0, 6.5, 57.7778, 52.0, 39.0, 43.3333, 144.444, 130.0, 21.6667, 19.5, 13.0, 14.4444, 104.0, 117.0, 86.6667, 115.556, 28.8889, 78.0, 7.22222, 70, 350, 58, 633, 542, 37, 400, 266, 68, 0, 0, 66, 720, 299, 70, 0, 1, 0, 0, 230, 0, 19
67, 331, 3649, 65, 2, 0, 0, 5, 0, 326, 0, 575, 489, 1946, 639, 0, 1, 2, 5.5, 11, 65, 1, 1, 0, 6, 9, 12, 18, 24, 36, 48, 54, 5, 0, 0, 0, 326, 0, 0, 0, 22, 65.0, 72.2222, 58.5, 26.0, 6.5, 57.7778, 52.0, 39.0, 43.3333, 144.444, 130.0, 21.6667, 19.5, 13.0, 14.4444, 104.0, 117.0, 86.6667, 115.556, 28.8889, 78.0, 7.22222, 104, 412, 36, 410, 564, 38, 49, 1207, 217, 0, 0, 78, 280, 75, 37, 0, 0, 0, 0, 131, 0, 11
28, 352, 4210, 27, 1, 0, 0, 7, 0, 345, 0, 439, 427, 1727, 1617, 0, 1, 2, 5.5, 11, 27, 0, 1, 0, 6, 9, 12, 18, 24, 36, 48, 54, 7, 0, 0, 0, 345, 0, 0, 0, 22, 65.0, 72.2222, 58.5, 26.0, 6.5, 57.7778, 52.0, 39.0, 43.3333, 144.444, 130.0, 21.6667, 19.5, 13.0, 14.4444, 104.0, 117.0, 86.6667, 115.556, 28.8889, 78.0, 7.22222, 327, 517, 483, 643, 425, 44, 250, 299, 72, 0, 0, 24, 250, 95, 13, 0, 0, 0, 0, 756, 0, 12
85, 411, 3560, 80, 5, 0, 0, 9, 0, 402, 0, 394, 906, 961, 1299, 0, 1, 2, 5.5, 11, 80, 0, 4, 1, 6, 9, 12, 18, 24, 36, 48, 54, 9, 0, 0, 0, 400, 2, 0, 0, 22, 65.0, 72.2222, 58.5, 26.0, 6.5, 57.7778, 52.0, 39.0, 43.3333, 144.444, 130.0, 21.6667, 19.5, 13.0, 14.4444, 104.0, 117.0, 86.6667, 115.556, 28.8889, 78.0, 7.22222, 433, 259, 243, 497, 381, 106, 261, 213, 84, 0, 0, 84, 476, 280, 65, 0, 0, 0, 0, 167, 0, 11
255, 208, 4850, 255, 0, 0, 0, 1, 1, 206, 0, 414, 207, 1144, 3085, 0, 1, 2, 5.5, 11, 255, 0, 0, 0, 6, 9, 12, 18, 24, 36, 48, 54, 1, 0, 1, 0, 203, 3, 0, 0, 22, 65.0, 72.2222, 58.5, 26.0, 6.5, 57.7778, 52.0, 39.0, 43.3333, 144.444, 130.0, 21.6667, 19.5, 13.0, 14.4444, 104.0, 117.0, 86.6667, 115.556, 28.8889, 78.0, 7.22222, 719, 408, 1057, 739, 409, 1, 900, 329, 31, 0, 0, 15, 145, 27, 11, 0, 0, 0, 0, 54, 0, 5
32, 539, 3579, 31, 1, 0, 0, 22, 0, 508, 9, 515, 512, 1921, 631, 0, 1, 2, 5.5, 11, 31, 0, 1, 0, 6, 9, 12, 18, 24, 36, 48, 54, 22, 0, 0, 0, 503, 5, 3, 6, 22, 65.0, 72.2222, 58.5, 26.0, 6.5, 57.7778, 52.0, 39.0, 43.3333, 144.444, 130.0, 21.6667, 19.5, 13.0, 14.4444, 104.0, 117.0, 86.6667, 115.556, 28.8889, 78.0, 7.22222, 99, 69, 119, 1144, 515, 56, 292, 634, 107, 0, 0, 12, 328, 154, 0, 0, 0, 0, 0, 50, 0, 0
38, 1701, 4671, 38, 0, 0, 0, 0, 1, 1700, 0, 438, 2177, 1348, 708, 0, 1, 2, 5.5, 11, 38, 0, 0, 0, 6, 9, 12, 18, 24, 36, 48, 54, 0, 0, 1, 0, 1697, 3, 0, 0, 22, 65.0, 72.2222, 58.5, 26.0, 6.5, 57.7778, 52.0, 39.0, 43.3333, 144.444, 130.0, 21.6667, 19.5, 13.0, 14.4444, 104.0, 117.0, 86.6667, 115.556, 28.8889, 78.0, 7.22222, 112, 115, 176, 926, 431, 58, 249, 285, 89, 0, 0, 37, 1395, 732, 15, 0, 0, 0, 0, 50, 0, 1
44, 582, 3203, 44, 0, 0, 0, 11, 0, 559, 12, 392, 805, 1342, 664, 0, 1, 2, 5.5, 11, 44, 0, 0, 0, 6, 9, 12, 18, 24, 36, 48, 54, 11, 0, 0, 0, 555, 4, 4, 8, 22, 65.0, 72.2222, 58.5, 26.0, 6.5, 57.7778, 52.0, 39.0, 43.3333, 144.444, 130.0, 21.6667, 19.5, 13.0, 14.4444, 104.0, 117.0, 86.6667, 115.556, 28.8889, 78.0, 7.22222, 158, 100, 148, 299, 387, 76, 191, 156, 575, 0, 0, 164, 333, 281, 19, 0, 0, 0, 0, 311, 0, 5
68, 233, 3650, 61, 7, 0, 0, 3, 0, 227, 3, 148, 234, 1211, 2057, 0, 1, 2, 5.5, 11, 61, 7, 0, 0, 6, 9, 12, 18, 24, 36, 48, 54, 3, 0, 0, 0, 223, 4, 3, 0, 22, 65.0, 72.2222, 58.5, 26.0, 6.5, 57.7778, 52.0, 39.0, 43.3333, 144.444, 130.0, 21.6667, 19.5, 13.0, 14.4444, 104.0, 117.0, 86.6667, 115.556, 28.8889, 78.0, 7.22222, 272, 129, 398, 433, 144, 536, 723, 272, 237, 3, 6, 39, 115, 68, 11, 0, 3, 0, 0, 261, 0, 0
55, 334, 3990, 53, 2, 0, 0, 20, 0, 312, 2, 119, 758, 1247, 1866, 0, 1, 2, 5.5, 11, 53, 0, 2, 0, 6, 9, 12, 18, 24, 36, 48, 54, 20, 0, 0, 0, 308, 4, 2, 0, 22, 65.0, 72.2222, 58.5, 26.0, 6.5, 57.7778, 52.0, 39.0, 43.3333, 144.444, 130.0, 21.6667, 19.5, 13.0, 14.4444, 104.0, 117.0, 86.6667, 115.556, 28.8889, 78.0, 7.22222, 129, 965, 238, 689, 119, 67, 474, 498, 33, 0, 0, 11, 484, 260, 0, 0, 0, 3, 0, 19, 1, 0
41, 613, 5190, 40, 1, 0, 0, 1, 0, 604, 8, 103, 1114, 1071, 2902, 0, 1, 2, 5.5, 11, 40, 0, 1, 0, 6, 9, 12, 18, 24, 36, 48, 54, 1, 0, 0, 0, 598, 6, 7, 1, 22, 65.0, 72.2222, 58.5, 26.0, 6.5, 57.7778, 52.0, 39.0, 43.3333, 144.444, 130.0, 21.6667, 19.5, 13.0, 14.4444, 104.0, 117.0, 86.6667, 115.556, 28.8889, 78.0, 7.22222, 526, 1839, 269, 897, 101, 27, 239, 122, 38, 0, 4, 13, 704, 390, 0, 0, 1, 0, 0, 17, 1, 2
75, 949, 5440, 74, 1, 0, 0, 6, 0, 941, 2, 489, 653, 1516, 2782, 0, 1, 2, 5.5, 11, 74, 0, 1, 0, 6, 9, 12, 18, 24, 36, 48, 54, 6, 0, 0, 0, 934, 7, 2, 0, 22, 65.0, 72.2222, 58.5, 26.0, 6.5, 57.7778, 52.0, 39.0, 43.3333, 144.444, 130.0, 21.6667, 19.5, 13.0, 14.4444, 104.0, 117.0, 86.6667, 115.556, 28.8889, 78.0, 7.22222, 158, 805, 594, 1010, 489, 150, 1075, 396, 53, 0, 0, 18, 321, 291, 11, 0, 0, 0, 0, 69, 0, 0
92, 263, 4740, 92, 0, 0, 0, 2, 0, 259, 2, 599, 398, 1330, 2413, 0, 1, 2, 5.5, 11, 92, 0, 0, 0, 6, 9, 12, 18, 24, 36, 48, 54, 2, 0, 0, 0, 256, 3, 2, 0, 22, 65.0, 72.2222, 58.5, 26.0, 6.5, 57.7778, 52.0, 39.0, 43.3333, 144.444, 130.0, 21.6667, 19.5, 13.0, 14.4444, 104.0, 117.0, 86.6667, 115.556, 28.8889, 78.0, 7.22222, 163, 1260, 455, 258, 593, 45, 490, 783, 244, 0, 0, 17, 254, 97, 7, 0, 0, 0, 0, 74, 0, 0
36, 394, 1903, 36, 0, 0, 0, 1, 0, 391, 2, 404, 251, 761, 487, 0, 1, 2, 5.5, 11, 36, 0, 0, 0, 6, 9, 12, 18, 24, 36, 48, 54, 1, 0, 0, 0, 386, 5, 1, 1, 22, 65.0, 72.2222, 58.5, 26.0, 6.5, 57.7778, 52.0, 39.0, 43.3333, 144.444, 130.0, 21.6667, 19.5, 13.0, 14.4444, 104.0, 117.0, 86.6667, 115.556, 28.8889, 78.0, 7.22222, 111, 178, 67, 456, 400, 9, 126, 238, 35, 0, 2, 10, 132, 85, 6, 0, 0, 7, 0, 29, 8, 4
11, 362, 3643, 11, 0, 0, 0, 0, 0, 359, 3, 409, 1013, 1340, 881, 0, 1, 2, 5.5, 11, 11, 0, 0, 0, 6, 9, 12, 18, 24, 36, 48, 54, 0, 0, 0, 0, 349, 10, 3, 0, 22, 65.0, 72.2222, 58.5, 26.0, 6.5, 57.7778, 52.0, 39.0, 43.3333, 144.444, 130.0, 21.6667, 19.5, 13.0, 14.4444, 104.0, 117.0, 86.6667, 115.556, 28.8889, 78.0, 7.22222, 49, 8, 141, 613, 356, 13, 520, 875, 47, 4, 98, 99, 347, 382, 5, 1, 56, 0, 0, 10, 8, 11
57, 275, 6293, 57, 0, 0, 0, 3, 0, 272, 0, 970, 1287, 1674, 2362, 0, 1, 2, 5.5, 11, 57, 0, 0, 0, 6, 9, 12, 18, 24, 36, 48, 54, 3, 0, 0, 0, 271, 1, 0, 0, 22, 65.0, 72.2222, 58.5, 26.0, 6.5, 57.7778, 52.0, 39.0, 43.3333, 144.444, 130.0, 21.6667, 19.5, 13.0, 14.4444, 104.0, 117.0, 86.6667, 115.556, 28.8889, 78.0, 7.22222, 245, 1392, 161, 1103, 950, 12, 550, 521, 19, 0, 1, 10, 726, 334, 223, 0, 1, 0, 0, 30, 2, 13
23, 258, 3813, 20, 3, 0, 0, 2, 0, 256, 0, 372, 615, 1066, 1760, 0, 1, 2, 5.5, 11, 20, 0, 3, 0, 6, 9, 12, 18, 24, 36, 48, 54, 2, 0, 0, 0, 254, 2, 0, 0, 22, 65.0, 72.2222, 58.5, 26.0, 6.5, 57.7778, 52.0, 39.0, 43.3333, 144.444, 130.0, 21.6667, 19.5, 13.0, 14.4444, 104.0, 117.0, 86.6667, 115.556, 28.8889, 78.0, 7.22222, 254, 864, 314, 758, 369, 25, 305, 214, 62, 0, 0, 11, 335, 136, 129, 0, 0, 0, 0, 34, 0, 3
69, 167, 4154, 69, 0, 0, 0, 0, 0, 167, 0, 273, 489, 1063, 2329, 0, 1, 2, 5.5, 11, 69, 0, 0, 0, 6, 9, 12, 18, 24, 36, 48, 54, 0, 0, 0, 0, 166, 1, 0, 0, 22, 65.0, 72.2222, 58.5, 26.0, 6.5, 57.7778, 52.0, 39.0, 43.3333, 144.444, 130.0, 21.6667, 19.5, 13.0, 14.4444, 104.0, 117.0, 86.6667, 115.556, 28.8889, 78.0, 7.22222, 406, 1460, 360, 353, 266, 37, 67, 105, 456, 0, 0, 4, 224, 241, 14, 0, 1, 0, 0, 154, 0, 6
90, 442, 3091, 88, 2, 0, 0, 1, 0, 441, 0, 372, 275, 731, 1713, 0, 1, 2, 5.5, 11, 88, 0, 2, 0, 6, 9, 12, 18, 24, 36, 48, 54, 1, 0, 0, 0, 441, 0, 0, 0, 22, 65.0, 72.2222, 58.5, 26.0, 6.5, 57.7778, 52.0, 39.0, 43.3333, 144.444, 130.0, 21.6667, 19.5, 13.0, 14.4444, 104.0, 117.0, 86.6667, 115.556, 28.8889, 78.0, 7.22222, 479, 721, 424, 203, 366, 29, 61, 132, 389, 0, 0, 18, 149, 79, 19, 0, 0, 0, 0, 16, 0, 6
36, 504, 5670, 36, 0, 0, 0, 0, 0, 503, 1, 503, 1141, 1271, 2755, 0, 1, 2, 5.5, 11, 36, 0, 0, 0, 6, 9, 12, 18, 24, 36, 48, 54, 0, 0, 0, 0, 502, 1, 1, 0, 22, 65.0, 72.2222, 58.5, 26.0, 6.5, 57.7778, 52.0, 39.0, 43.3333, 144.444, 130.0, 21.6667, 19.5, 13.0, 14.4444, 104.0, 117.0, 86.6667, 115.556, 28.8889, 78.0, 7.22222, 527, 806, 274, 819, 490, 301, 850, 312, 66, 0, 1, 262, 401, 465, 12, 0, 0, 0, 0, 52, 19, 13
63, 606, 6319, 63, 0, 0, 0, 0, 0, 602, 4, 735, 963, 2589, 2032, 0, 1, 2, 5.5, 11, 63, 0, 0, 0, 6, 9, 12, 18, 24, 36, 48, 54, 0, 0, 0, 0, 599, 3, 3, 1, 22, 65.0, 72.2222, 58.5, 26.0, 6.5, 57.7778, 52.0, 39.0, 43.3333, 144.444, 130.0, 21.6667, 19.5, 13.0, 14.4444, 104.0, 117.0, 86.6667, 115.556, 28.8889, 78.0, 7.22222, 249, 810, 295, 821, 717, 66, 616, 455, 1068, 2, 2, 40, 373, 498, 22, 0, 0, 14, 0, 254, 0, 17
142, 527, 8024, 140, 2, 0, 0, 0, 0, 523, 4, 525, 1232, 2335, 3932, 0, 1, 2, 5.5, 11, 140, 2, 0, 0, 6, 9, 12, 18, 24, 36, 48, 54, 0, 0, 0, 0, 513, 10, 0, 4, 22, 65.0, 72.2222, 58.5, 26.0, 6.5, 57.7778, 52.0, 39.0, 43.3333, 144.444, 130.0, 21.6667, 19.5, 13.0, 14.4444, 104.0, 117.0, 86.6667, 115.556, 28.8889, 78.0, 7.22222, 1025, 1535, 243, 806, 476, 109, 1021, 854, 268, 1, 0, 229, 289, 231, 483, 0, 0, 0, 0, 407, 0, 47
57, 767, 6233, 57, 0, 0, 0, 0, 0, 749, 18, 636, 789, 1569, 3239, 0, 1, 2, 5.5, 11, 57, 0, 0, 0, 6, 9, 12, 18, 24, 36, 48, 54, 0, 0, 0, 0, 728, 21, 11, 7, 22, 65.0, 72.2222, 58.5, 26.0, 6.5, 57.7778, 52.0, 39.0, 43.3333, 144.444, 130.0, 21.6667, 19.5, 13.0, 14.4444, 104.0, 117.0, 86.6667, 115.556, 28.8889, 78.0, 7.22222, 733, 625, 1150, 735, 606, 78, 656, 514, 236, 0, 1, 289, 209, 123, 160, 0, 0, 0, 0, 88, 0, 30
58, 565, 4568, 58, 0, 0, 0, 13, 0, 513, 39, 715, 643, 1101, 2109, 0, 1, 2, 5.5, 11, 58, 0, 0, 0, 6, 9, 12, 18, 24, 36, 48, 54, 13, 0, 0, 0, 485, 28, 25, 14, 22, 65.0, 72.2222, 58.5, 26.0, 6.5, 57.7778, 52.0, 39.0, 43.3333, 144.444, 130.0, 21.6667, 19.5, 13.0, 14.4444, 104.0, 117.0, 86.6667, 115.556, 28.8889, 78.0, 7.22222, 728, 666, 551, 375, 588, 23, 138, 349, 373, 0, 1, 131, 285, 33, 171, 0, 1, 2, 2, 25, 0, 126
36, 421, 4240, 36, 0, 0, 0, 5, 0, 416, 0, 502, 396, 1209, 2133, 0, 1, 2, 5.5, 11, 36, 0, 0, 0, 6, 9, 12, 18, 24, 36, 48, 54, 5, 0, 0, 0, 415, 1, 0, 0, 22, 65.0, 72.2222, 58.5, 26.0, 6.5, 57.7778, 52.0, 39.0, 43.3333, 144.444, 130.0, 21.6667, 19.5, 13.0, 14.4444, 104.0, 117.0, 86.6667, 115.556, 28.8889, 78.0, 7.22222, 398, 1170, 248, 667, 501, 64, 282, 318, 109, 0, 0, 25, 291, 69, 4, 0, 0, 1, 0, 91, 1, 1
71, 1016, 4443, 71, 0, 0, 0, 112, 0, 735, 169, 407, 423, 1598, 2015, 0, 1, 2, 5.5, 11, 71, 0, 0, 0, 6, 9, 12, 18, 24, 36, 48, 54, 112, 0, 0, 0, 610, 125, 137, 32, 22, 65.0, 72.2222, 58.5, 26.0, 6.5, 57.7778, 52.0, 39.0, 43.3333, 144.444, 130.0, 21.6667, 19.5, 13.0, 14.4444, 104.0, 117.0, 86.6667, 115.556, 28.8889, 78.0, 7.22222, 323, 944, 377, 804, 396, 113, 260, 516, 245, 0, 0, 38, 192, 121, 41, 0, 0, 0, 3, 63, 0, 7
32, 725, 5596, 30, 2, 0, 0, 9, 0, 716, 0, 935, 453, 1906, 2302, 0, 1, 2, 5.5, 11, 30, 0, 2, 0, 6, 9, 12, 18, 24, 36, 48, 54, 9, 0, 0, 0, 714, 2, 0, 0, 22, 65.0, 72.2222, 58.5, 26.0, 6.5, 57.7778, 52.0, 39.0, 43.3333, 144.444, 130.0, 21.6667, 19.5, 13.0, 14.4444, 104.0, 117.0, 86.6667, 115.556, 28.8889, 78.0, 7.22222, 392, 476, 744, 910, 894, 14, 674, 467, 327, 0, 1, 104, 217, 101, 14, 0, 0, 0, 1, 223, 0, 37
87, 376, 15033, 87, 0, 0, 0, 6, 0, 366, 4, 7554, 788, 2588, 4103, 0, 1, 2, 5.5, 11, 87, 0, 0, 0, 6, 9, 12, 18, 24, 36, 48, 54, 6, 0, 0, 0, 340, 26, 4, 0, 22, 65.0, 72.2222, 58.5, 26.0, 6.5, 57.7778, 52.0, 39.0, 43.3333, 144.444, 130.0, 21.6667, 19.5, 13.0, 14.4444, 104.0, 117.0, 86.6667, 115.556, 28.8889, 78.0, 7.22222, 790, 797, 1444, 1394, 7480, 86, 989, 481, 211, 0, 0, 67, 291, 124, 300, 0, 0, 0, 0, 529, 0, 50
58, 613, 17901, 58, 0, 0, 0, 98, 0, 511, 4, 3300, 1165, 11212, 2224, 0, 1, 2, 5.5, 11, 58, 0, 0, 0, 6, 9, 12, 18, 24, 36, 48, 54, 98, 0, 0, 0, 507, 4, 2, 2, 22, 65.0, 72.2222, 58.5, 26.0, 6.5, 57.7778, 52.0, 39.0, 43.3333, 144.444, 130.0, 21.6667, 19.5, 13.0, 14.4444, 104.0, 117.0, 86.6667, 115.556, 28.8889, 78.0, 7.22222, 243, 1447, 154, 7317, 3267, 139, 243, 197, 1221, 0, 3, 67, 772, 254, 16, 0, 0, 0, 1, 2528, 0, 32
220, 636, 10794, 219, 1, 0, 0, 26, 0, 605, 5, 4896, 1500, 2453, 1945, 0, 1, 2, 5.5, 11, 219, 0, 1, 0, 6, 9, 12, 18, 24, 36, 48, 54, 26, 0, 0, 0, 599, 6, 5, 0, 22, 65.0, 72.2222, 58.5, 26.0, 6.5, 57.7778, 52.0, 39.0, 43.3333, 144.444, 130.0, 21.6667, 19.5, 13.0, 14.4444, 104.0, 117.0, 86.6667, 115.556, 28.8889, 78.0, 7.22222, 215, 1389, 117, 657, 4748, 139, 85, 325, 804, 0, 0, 46, 981, 407, 54, 0, 0, 0, 0, 693, 0, 134
85, 250, 3467, 85, 0, 0, 0, 37, 0, 211, 2, 525, 331, 813, 1798, 0, 1, 2, 5.5, 11, 85, 0, 0, 0, 6, 9, 12, 18, 24, 36, 48, 54, 37, 0, 0, 0, 207, 4, 2, 0, 22, 65.0, 72.2222, 58.5, 26.0, 6.5, 57.7778, 52.0, 39.0, 43.3333, 144.444, 130.0, 21.6667, 19.5, 13.0, 14.4444, 104.0, 117.0, 86.6667, 115.556, 28.8889, 78.0, 7.22222, 119, 955, 129, 552, 360, 75, 520, 180, 64, 0, 0, 26, 107, 113, 71, 0, 0, 0, 0, 31, 0, 165
242, 439, 3236, 242, 0, 0, 0, 0, 0, 435, 4, 670, 365, 818, 1383, 0, 1, 2, 5.5, 11, 242, 0, 0, 0, 6, 9, 12, 18, 24, 36, 48, 54, 0, 0, 0, 0, 429, 6, 3, 1, 22, 65.0, 72.2222, 58.5, 26.0, 6.5, 57.7778, 52.0, 39.0, 43.3333, 144.444, 130.0, 21.6667, 19.5, 13.0, 14.4444, 104.0, 117.0, 86.6667, 115.556, 28.8889, 78.0, 7.22222, 117, 1000, 100, 321, 664, 99, 63, 129, 153, 0, 1, 199, 72, 29, 6, 3, 0, 0, 0, 279, 1, 0
347, 477, 2979, 347, 0, 0, 0, 0, 0, 464, 13, 360, 251, 716, 1652, 0, 1, 2, 5.5, 11, 347, 0, 0, 0, 6, 9, 12, 18, 24, 36, 48, 54, 0, 0, 0, 0, 436, 28, 8, 5, 22, 65.0, 72.2222, 58.5, 26.0, 6.5, 57.7778, 52.0, 39.0, 43.3333, 144.444, 130.0, 21.6667, 19.5, 13.0, 14.4444, 104.0, 117.0, 86.6667, 115.556, 28.8889, 78.0, 7.22222, 286, 603, 395, 446, 359, 137, 227, 115, 98, 3, 0, 37, 90, 5, 6, 0, 0, 0, 1, 171, 0, 0
26, 317, 5686, 26, 0, 0, 0, 4, 0, 313, 0, 954, 553, 1993, 2186, 0, 1, 2, 5.5, 11, 26, 0, 0, 0, 6, 9, 12, 18, 24, 36, 48, 54, 4, 0, 0, 0, 311, 2, 0, 0, 22, 65.0, 72.2222, 58.5, 26.0, 6.5, 57.7778, 52.0, 39.0, 43.3333, 144.444, 130.0, 21.6667, 19.5, 13.0, 14.4444, 104.0, 117.0, 86.6667, 115.556, 28.8889, 78.0, 7.22222, 610, 272, 547, 1088, 935, 65, 693, 630, 204, 0, 0, 73, 364, 44, 45, 1, 0, 0, 0, 96, 0, 19
31, 468, 3881, 30, 1, 0, 0, 12, 0, 454, 2, 469, 360, 860, 2192, 0, 1, 2, 5.5, 11, 30, 0, 1, 0, 6, 9, 12, 18, 24, 36, 48, 54, 12, 0, 0, 0, 447, 7, 2, 0, 22, 65.0, 72.2222, 58.5, 26.0, 6.5, 57.7778, 52.0, 39.0, 43.3333, 144.444, 130.0, 21.6667, 19.5, 13.0, 14.4444, 104.0, 117.0, 86.6667, 115.556, 28.8889, 78.0, 7.22222, 387, 136, 499, 316, 408, 25, 1134, 326, 94, 0, 0, 45, 141, 100, 47, 14, 3, 0, 0, 134, 25, 47
158, 606, 3752, 158, 0, 0, 0, 2, 0, 603, 1, 484, 581, 1055, 1632, 0, 1, 2, 5.5, 11, 158, 0, 0, 0, 6, 9, 12, 18, 24, 36, 48, 54, 2, 0, 0, 0, 594, 9, 1, 0, 22, 65.0, 72.2222, 58.5, 26.0, 6.5, 57.7778, 52.0, 39.0, 43.3333, 144.444, 130.0, 21.6667, 19.5, 13.0, 14.4444, 104.0, 117.0, 86.6667, 115.556, 28.8889, 78.0, 7.22222, 376, 726, 194, 632, 475, 26, 314, 270, 34, 1, 2, 12, 212, 321, 28, 0, 0, 0, 3, 117, 0, 9
127, 552, 15462, 127, 0, 0, 0, 0, 0, 552, 0, 952, 643, 8797, 5070, 0, 1, 2, 5.5, 11, 127, 0, 0, 0, 6, 9, 12, 18, 24, 36, 48, 54, 0, 0, 0, 0, 552, 0, 0, 0, 22, 65.0, 72.2222, 58.5, 26.0, 6.5, 57.7778, 52.0, 39.0, 43.3333, 144.444, 130.0, 21.6667, 19.5, 13.0, 14.4444, 104.0, 117.0, 86.6667, 115.556, 28.8889, 78.0, 7.22222, 1674, 376, 1723, 2570, 950, 933, 364, 170, 215, 0, 0, 143, 368, 26, 22, 0, 0, 0, 0, 5926, 0, 2
36, 429, 10864, 36, 0, 0, 0, 0, 0, 428, 1, 730, 179, 6010, 3945, 0, 1, 2, 5.5, 11, 36, 0, 0, 0, 6, 9, 12, 18, 24, 36, 48, 54, 0, 0, 0, 0, 426, 2, 1, 0, 22, 65.0, 72.2222, 58.5, 26.0, 6.5, 57.7778, 52.0, 39.0, 43.3333, 144.444, 130.0, 21.6667, 19.5, 13.0, 14.4444, 104.0, 117.0, 86.6667, 115.556, 28.8889, 78.0, 7.22222, 724, 325, 1683, 4066, 727, 641, 562, 171, 1611, 1, 0, 75, 33, 15, 22, 11, 2, 0, 0, 194, 0, 1
80, 264, 4667, 80, 0, 0, 0, 0, 0, 264, 0, 435, 185, 1966, 2081, 0, 1, 2, 5.5, 11, 80, 0, 0, 0, 6, 9, 12, 18, 24, 36, 48, 54, 0, 0, 0, 0, 264, 0, 0, 0, 22, 65.0, 72.2222, 58.5, 26.0, 6.5, 57.7778, 52.0, 39.0, 43.3333, 144.444, 130.0, 21.6667, 19.5, 13.0, 14.4444, 104.0, 117.0, 86.6667, 115.556, 28.8889, 78.0, 7.22222, 255, 377, 1163, 1254, 435, 16, 270, 316, 232, 0, 0, 24, 92, 30, 17, 0, 0, 0, 0, 186, 0, 0
25, 330, 2830, 24, 1, 0, 0, 0, 0, 304, 26, 363, 162, 717, 1588, 0, 1, 2, 5.5, 11, 24, 0, 1, 0, 6, 9, 12, 18, 24, 36, 48, 54, 0, 0, 0, 0, 291, 13, 20, 6, 22, 65.0, 72.2222, 58.5, 26.0, 6.5, 57.7778, 52.0, 39.0, 43.3333, 144.444, 130.0, 21.6667, 19.5, 13.0, 14.4444, 104.0, 117.0, 86.6667, 115.556, 28.8889, 78.0, 7.22222, 687, 284, 463, 533, 346, 26, 128, 45, 126, 0, 0, 6, 78, 67, 7, 0, 0, 0, 0, 17, 0, 17
26, 589, 7497, 26, 0, 0, 0, 0, 0, 581, 8, 724, 1184, 3526, 2063, 0, 1, 2, 5.5, 11, 26, 0, 0, 0, 6, 9, 12, 18, 24, 36, 48, 54, 0, 0, 0, 0, 568, 13, 3, 5, 22, 65.0, 72.2222, 58.5, 26.0, 6.5, 57.7778, 52.0, 39.0, 43.3333, 144.444, 130.0, 21.6667, 19.5, 13.0, 14.4444, 104.0, 117.0, 86.6667, 115.556, 28.8889, 78.0, 7.22222, 677, 490, 327, 2014, 715, 126, 446, 719, 307, 0, 0, 152, 295, 642, 75, 0, 0, 0, 0, 500, 3, 9
30, 555, 5796, 30, 0, 0, 0, 0, 0, 520, 35, 505, 1308, 1748, 2235, 0, 1, 2, 5.5, 11, 30, 0, 0, 0, 6, 9, 12, 18, 24, 36, 48, 54, 0, 0, 0, 0, 505, 15, 8, 27, 22, 65.0, 72.2222, 58.5, 26.0, 6.5, 57.7778, 52.0, 39.0, 43.3333, 144.444, 130.0, 21.6667, 19.5, 13.0, 14.4444, 104.0, 117.0, 86.6667, 115.556, 28.8889, 78.0, 7.22222, 552, 312, 236, 1278, 483, 490, 650, 325, 60, 0, 0, 194, 877, 167, 49, 0, 0, 35, 0, 77, 0, 11
28, 326, 3181, 27, 1, 0, 0, 0, 0, 325, 1, 437, 387, 1247, 1110, 0, 1, 2, 5.5, 11, 27, 0, 1, 0, 6, 9, 12, 18, 24, 36, 48, 54, 0, 0, 0, 0, 324, 1, 1, 0, 22, 65.0, 72.2222, 58.5, 26.0, 6.5, 57.7778, 52.0, 39.0, 43.3333, 144.444, 130.0, 21.6667, 19.5, 13.0, 14.4444, 104.0, 117.0, 86.6667, 115.556, 28.8889, 78.0, 7.22222, 545, 87, 330, 653, 437, 26, 122, 479, 68, 0, 3, 49, 282, 27, 22, 0, 0, 0, 0, 51, 0, 0
30, 464, 7739, 30, 0, 0, 0, 0, 0, 464, 0, 513, 810, 2115, 4301, 0, 1, 2, 5.5, 11, 30, 0, 0, 0, 6, 9, 12, 18, 24, 36, 48, 54, 0, 0, 0, 0, 463, 1, 0, 0, 22, 65.0, 72.2222, 58.5, 26.0, 6.5, 57.7778, 52.0, 39.0, 43.3333, 144.444, 130.0, 21.6667, 19.5, 13.0, 14.4444, 104.0, 117.0, 86.6667, 115.556, 28.8889, 78.0, 7.22222, 445, 3367, 172, 867, 495, 109, 235, 295, 661, 0, 0, 48, 439, 251, 62, 0, 0, 0, 0, 279, 0, 14
56, 383, 3356, 55, 1, 0, 0, 0, 0, 383, 0, 371, 331, 940, 1714, 0, 1, 2, 5.5, 11, 55, 0, 1, 0, 6, 9, 12, 18, 24, 36, 48, 54, 0, 0, 0, 0, 383, 0, 0, 0, 22, 65.0, 72.2222, 58.5, 26.0, 6.5, 57.7778, 52.0, 39.0, 43.3333, 144.444, 130.0, 21.6667, 19.5, 13.0, 14.4444, 104.0, 117.0, 86.6667, 115.556, 28.8889, 78.0, 7.22222, 311, 726, 232, 590, 371, 104, 342, 221, 57, 0, 0, 23, 121, 174, 3, 0, 0, 0, 0, 80, 1, 0
35, 551, 6777, 35, 0, 0, 0, 0, 0, 550, 1, 692, 1024, 2818, 2243, 0, 1, 2, 5.5, 11, 35, 0, 0, 0, 6, 9, 12, 18, 24, 36, 48, 54, 0, 0, 0, 0, 547, 3, 1, 0, 22, 65.0, 72.2222, 58.5, 26.0, 6.5, 57.7778, 52.0, 39.0, 43.3333, 144.444, 130.0, 21.6667, 19.5, 13.0, 14.4444, 104.0, 117.0, 86.6667, 115.556, 28.8889, 78.0, 7.22222, 264, 397, 614, 1713, 687, 287, 679, 1085, 29, 0, 0, 6, 628, 349, 1, 12, 0, 0, 0, 21, 3, 2
27, 487, 9954, 27, 0, 0, 0, 0, 0, 487, 0, 505, 1280, 3920, 4249, 0, 1, 2, 5.5, 11, 27, 0, 0, 0, 6, 9, 12, 18, 24, 36, 48, 54, 0, 0, 0, 0, 481, 6, 0, 0, 22, 65.0, 72.2222, 58.5, 26.0, 6.5, 57.7778, 52.0, 39.0, 43.3333, 144.444, 130.0, 21.6667, 19.5, 13.0, 14.4444, 104.0, 117.0, 86.6667, 115.556, 28.8889, 78.0, 7.22222, 957, 1014, 920, 1822, 498, 127, 1345, 1914, 118, 0, 0, 5, 780, 395, 14, 0, 0, 26, 0, 3, 13, 3
35, 411, 15620, 35, 0, 0, 0, 0, 0, 395, 16, 581, 262, 3137, 11640, 0, 1, 2, 5.5, 11, 35, 0, 0, 0, 6, 9, 12, 18, 24, 36, 48, 54, 0, 0, 0, 0, 383, 12, 3, 13, 22, 65.0, 72.2222, 58.5, 26.0, 6.5, 57.7778, 52.0, 39.0, 43.3333, 144.444, 130.0, 21.6667, 19.5, 13.0, 14.4444, 104.0, 117.0, 86.6667, 115.556, 28.8889, 78.0, 7.22222, 547, 6358, 439, 1306, 575, 3522, 756, 603, 442, 0, 0, 12, 183, 37, 2, 11, 0, 3, 10, 808, 5, 1
82, 424, 3191, 77, 5, 0, 0, 0, 0, 330, 94, 125, 123, 647, 2296, 0, 1, 2, 5.5, 11, 77, 5, 0, 0, 6, 9, 12, 18, 24, 36, 48, 54, 0, 0, 0, 0, 320, 10, 29, 65, 22, 65.0, 72.2222, 58.5, 26.0, 6.5, 57.7778, 52.0, 39.0, 43.3333, 144.444, 130.0, 21.6667, 19.5, 13.0, 14.4444, 104.0, 117.0, 86.6667, 115.556, 28.8889, 78.0, 7.22222, 792, 330, 403, 435, 122, 228, 547, 131, 44, 0, 0, 36, 52, 32, 0, 0, 0, 0, 0, 37, 2, 0
143, 453, 4115, 135, 8, 0, 0, 0, 0, 432, 21, 108, 248, 1324, 2435, 0, 1, 2, 5.5, 11, 135, 8, 0, 0, 6, 9, 12, 18, 24, 36, 48, 54, 0, 0, 0, 0, 419, 13, 6, 15, 22, 65.0, 72.2222, 58.5, 26.0, 6.5, 57.7778, 52.0, 39.0, 43.3333, 144.444, 130.0, 21.6667, 19.5, 13.0, 14.4444, 104.0, 117.0, 86.6667, 115.556, 28.8889, 78.0, 7.22222, 1715, 311, 109, 561, 108, 116, 192, 698, 23, 0, 0, 23, 175, 33, 12, 0, 0, 1, 0, 38, 0, 0
28, 776, 14476, 28, 0, 0, 0, 2, 0, 755, 19, 693, 1843, 8483, 3457, 0, 1, 2, 5.5, 11, 28, 0, 0, 0, 6, 9, 12, 18, 24, 36, 48, 54, 2, 0, 0, 0, 667, 88, 5, 14, 22, 65.0, 72.2222, 58.5, 26.0, 6.5, 57.7778, 52.0, 39.0, 43.3333, 144.444, 130.0, 21.6667, 19.5, 13.0, 14.4444, 104.0, 117.0, 86.6667, 115.556, 28.8889, 78.0, 7.22222, 391, 227, 202, 2179, 690, 590, 2047, 6062, 203, 0, 0, 10, 1630, 186, 13, 0, 0, 2, 0, 42, 2, 0
44, 483, 1420, 44, 0, 0, 0, 0, 0, 482, 1, 366, 164, 393, 497, 0, 1, 2, 5.5, 11, 44, 0, 0, 0, 6, 9, 12, 18, 24, 36, 48, 54, 0, 0, 0, 0, 476, 6, 1, 0, 22, 65.0, 72.2222, 58.5, 26.0, 6.5, 57.7778, 52.0, 39.0, 43.3333, 144.444, 130.0, 21.6667, 19.5, 13.0, 14.4444, 104.0, 117.0, 86.6667, 115.556, 28.8889, 78.0, 7.22222, 265, 49, 141, 150, 365, 9, 33, 249, 4, 0, 0, 23, 45, 71, 8, 0, 0, 0, 0, 8, 0, 0
183, 699, 4625, 182, 1, 0, 0, 0, 3, 696, 0, 572, 841, 1039, 2173, 0, 1, 2, 5.5, 11, 182, 1, 0, 0, 6, 9, 12, 18, 24, 36, 48, 54, 0, 0, 3, 0, 695, 1, 0, 0, 22, 65.0, 72.2222, 58.5, 26.0, 6.5, 57.7778, 52.0, 39.0, 43.3333, 144.444, 130.0, 21.6667, 19.5, 13.0, 14.4444, 104.0, 117.0, 86.6667, 115.556, 28.8889, 78.0, 7.22222, 364, 142, 374, 710, 559, 940, 353, 397, 72, 0, 0, 200, 147, 221, 19, 0, 0, 0, 0, 125, 1, 1
175, 458, 4931, 175, 0, 0, 0, 0, 0, 458, 0, 1339, 1608, 1222, 762, 0, 1, 2, 5.5, 11, 175, 0, 0, 0, 6, 9, 12, 18, 24, 36, 48, 54, 0, 0, 0, 0, 456, 2, 0, 0, 22, 65.0, 72.2222, 58.5, 26.0, 6.5, 57.7778, 52.0, 39.0, 43.3333, 144.444, 130.0, 21.6667, 19.5, 13.0, 14.4444, 104.0, 117.0, 86.6667, 115.556, 28.8889, 78.0, 7.22222, 191, 45, 205, 1054, 1326, 169, 152, 144, 4, 0, 0, 37, 648, 693, 211, 0, 0, 0, 0, 40, 0, 12
31, 282, 6964, 31, 0, 0, 0, 0, 0, 282, 0, 1095, 521, 1643, 3705, 0, 1, 2, 5.5, 11, 31, 0, 0, 0, 6, 9, 12, 18, 24, 36, 48, 54, 0, 0, 0, 0, 280, 2, 0, 0, 22, 65.0, 72.2222, 58.5, 26.0, 6.5, 57.7778, 52.0, 39.0, 43.3333, 144.444, 130.0, 21.6667, 19.5, 13.0, 14.4444, 104.0, 117.0, 86.6667, 115.556, 28.8889, 78.0, 7.22222, 12, 0, 200, 652, 1094, 24, 3468, 917, 22, 0, 4, 13, 233, 262, 9, 0, 0, 0, 0, 53, 0, 1
24, 319, 5689, 24, 0, 0, 0, 0, 0, 317, 2, 1210, 574, 1445, 2460, 0, 1, 2, 5.5, 11, 24, 0, 0, 0, 6, 9, 12, 18, 24, 36, 48, 54, 0, 0, 0, 0, 310, 7, 2, 0, 22, 65.0, 72.2222, 58.5, 26.0, 6.5, 57.7778, 52.0, 39.0, 43.3333, 144.444, 130.0, 21.6667, 19.5, 13.0, 14.4444, 104.0, 117.0, 86.6667, 115.556, 28.8889, 78.0, 7.22222, 159, 9, 183, 701, 1206, 138, 1971, 743, 9, 0, 1, 14, 187, 334, 29, 0, 0, 0, 0, 3, 0, 2
36, 245, 956, 36, 0, 0, 0, 0, 0, 245, 0, 250, 208, 333, 165, 0, 1, 2, 5.5, 11, 36, 0, 0, 0, 6, 9, 12, 18, 24, 36, 48, 54, 0, 0, 0, 0, 245, 0, 0, 0, 22, 65.0, 72.2222, 58.5, 26.0, 6.5, 57.7778, 52.0, 39.0, 43.3333, 144.444, 130.0, 21.6667, 19.5, 13.0, 14.4444, 104.0, 117.0, 86.6667, 115.556, 28.8889, 78.0, 7.22222, 25, 45, 41, 170, 250, 24, 33, 148, 11, 0, 0, 5, 161, 36, 1, 0, 0, 0, 0, 4, 2, 0
20, 173, 376, 20, 0, 0, 0, 0, 0, 173, 0, 39, 33, 228, 76, 0, 1, 2, 5.5, 11, 20, 0, 0, 0, 6, 9, 12, 18, 24, 36, 48, 54, 0, 0, 0, 0, 162, 11, 0, 0, 22, 65.0, 72.2222, 58.5, 26.0, 6.5, 57.7778, 52.0, 39.0, 43.3333, 144.444, 130.0, 21.6667, 19.5, 13.0, 14.4444, 104.0, 117.0, 86.6667, 115.556, 28.8889, 78.0, 7.22222, 17, 30, 8, 144, 38, 0, 20, 77, 0, 0, 1, 0, 18, 11, 1, 2, 2, 0, 0, 3, 4, 0
